"id","learner_id","responded_at","archetype"
"7525","0cc306ec-c90b-41be-85c1-0c3351d86241","2017-10-04 09:23:14 UTC","Fixers"
"18270","9924483b-7932-499d-b7c5-aad759a2ede7","2017-10-06 07:26:08 UTC","Fixers"
"29037","32e82b57-ccf7-468c-a86f-a4eb5a9bc62c","2017-10-09 15:09:56 UTC","Vitalisers"
"35991","c474fdb2-4b4d-4a68-9343-92851793197b","2017-10-09 01:40:03 UTC","Explorers"
"37806","ffbaa395-4649-49fc-a95d-d8752d4e98aa","2017-10-12 13:27:41 UTC","Advancers"
"38681","4ae58e18-fbda-4024-8c50-ca9632674592","2017-10-09 11:14:19 UTC","Vitalisers"
"38695","50dcf1f2-4430-4731-8b08-912a22cbef79","2017-10-09 11:22:00 UTC","Vitalisers"
"42889","46223361-c288-4317-86d3-77bdfb3d1ed0","2017-10-09 21:27:46 UTC","Vitalisers"
"57225","c997960c-703b-4585-90a7-759ee9dbf6a1","2017-10-19 21:06:02 UTC","Vitalisers"
"60436","c43087cb-d83c-40ae-99f4-d8af3a6bfc43","2017-10-11 11:31:16 UTC","Explorers"
"61154","302a5be0-fb3d-4e9c-aa18-c4eb4b05d782","2017-10-16 09:31:25 UTC","Flourishers"
"63589","ce0c5518-b3f3-4ba9-a050-8fdfb39a6be2","2017-10-17 19:51:11 UTC","Explorers"
"64596","3e0e5022-e7f5-4edd-8d04-71cbc76de4ce","2017-10-11 20:56:31 UTC","Fixers"
"65586","0ce7f8c5-c1d6-4a8d-b2f3-47a684c4905e","2017-10-12 01:06:56 UTC","Explorers"
"65852","ce9ffe2f-8f6c-4201-bc59-aae1b274f2b1","2017-10-12 04:25:51 UTC","Fixers"
"68129","d01262dd-16d4-4cdc-b0d2-338c7a64d124","2017-10-12 12:47:51 UTC","Advancers"
"75126","20ec360c-7713-49f2-80e9-5d1b45895afa","2017-10-20 11:33:07 UTC","Other"
"76404","ea70659b-ba1c-4eb1-8f48-ddd80729b580","2017-10-13 13:10:32 UTC","Advancers"
"79097","76738ec1-3559-44ea-be26-a6e426c78c60","2017-10-14 01:24:32 UTC","Other"
"81193","b6639469-c827-4179-a9db-f9d126b181e0","2017-10-16 09:13:46 UTC","Advancers"
"81792","20679e05-6122-41e5-8a4e-af7342d35bd3","2017-10-14 09:16:58 UTC","Advancers"
"86030","367eac59-d0ad-469d-8ed2-c2e240a5e07c","2017-10-15 09:28:31 UTC","Other"
"90095","467577ef-1d82-4eb6-b6da-a0a3532fa905","2017-10-30 20:57:31 UTC","Vitalisers"
"111552","da8398fc-37ee-4a5d-a33d-e1ba7c272518","2017-10-17 19:18:41 UTC","Hobbyists"
"114417","80f57df8-5720-446a-a397-396032497397","2017-10-18 15:17:58 UTC","Fixers"
"124371","f626e123-fb28-45df-b57a-9460346daa48","2017-10-24 19:45:24 UTC","Advancers"
"124419","97ef647d-f2fb-431c-b6c1-26b261ec95e1","2017-10-24 13:51:43 UTC","Advancers"
"124445","77cb707d-2921-4c8a-b81e-28b9e8a95202","2017-10-21 09:00:39 UTC","Vitalisers"
"124535","e46ad529-c51c-4e69-a63d-3b19620c0a3b","2017-10-22 22:33:16 UTC","Advancers"
"124566","a43cdf21-b8da-47db-96a7-931145fb45a2","2017-10-19 20:43:55 UTC","Vitalisers"
"124830","e4e48ff2-d60d-4ba8-9ebf-12acc4df1e53","2017-10-19 09:46:32 UTC","Fixers"
"124900","92cc3b81-14ee-4235-8a1a-c4825bd2d13e","2017-10-19 11:06:07 UTC","Vitalisers"
"125268","324824e3-74f1-48eb-b1d3-acff2c9c6847","2017-10-19 10:36:44 UTC","Vitalisers"
"125401","2f5ec886-20c7-498c-9460-dd94abceb155","2017-10-31 15:47:53 UTC","Explorers"
"125910","8c65a5d2-abf3-4d26-b05f-20d09b38fe55","2017-10-19 12:25:09 UTC","Hobbyists"
"126954","e1a74775-b90c-48a3-9ddf-e40343df2f87","2017-10-31 08:57:09 UTC","Advancers"
"129620","2f8932ed-0f77-4547-b13d-ad181887d71f","2017-10-19 22:04:46 UTC","Fixers"
"130341","e394401a-251b-417c-b537-4663b16663d7","2017-10-20 08:13:08 UTC","Advancers"
"131078","0100d15a-f66a-4615-91aa-efe5e2ad9ece","2017-10-21 13:25:04 UTC","Advancers"
"132159","78bbccb7-19bd-4a5c-8c4c-b2e66c89846e","2017-10-20 10:18:57 UTC","Fixers"
"132593","e4452148-25c3-4cb2-82d5-cb20f718071b","2017-10-20 12:49:18 UTC","Hobbyists"
"132813","5ba922bb-1ca8-4a17-b85e-e10ad9091c66","2017-10-20 11:55:06 UTC","Explorers"
"133255","fc383178-51e6-4c46-8064-d9c97f37d476","2017-10-20 16:45:52 UTC","Fixers"
"137668","315fc8e0-fa8b-430c-804a-7e4d4bedb929","2017-10-26 16:09:02 UTC","Other"
"140289","5ebdddd9-f2b4-418c-be92-8fa00b0884ac","2017-11-01 06:33:59 UTC","Explorers"
"141937","4f662711-4f2e-41e6-86b4-2361ef85875d","2017-10-22 16:25:51 UTC","Advancers"
"145004","732c1ef6-ac6f-46ee-8895-54e04b51ebdb","2017-10-22 18:54:39 UTC","Vitalisers"
"4605","091df104-705f-4ee2-a67b-9d90043c4f56","2017-10-03 21:55:21 UTC","Other"
"23130","c366b969-a63a-47da-81f1-12003004ae8d","2017-10-07 22:41:50 UTC","Other"
"23500","d8858d3b-3f56-40e9-abb0-49719e511df6","2017-11-28 18:28:23 UTC","Other"
"31206","e8818a1d-c40f-42f2-8681-f9e98aa776f8","2017-10-08 11:10:26 UTC","Flourishers"
"35756","8b7ad9ff-3665-44f3-854b-6c70f48b464d","2017-11-06 23:05:26 UTC","Fixers"
"61535","5647c7b8-71ea-48b1-a870-33aeb9e8eeee","2017-10-11 13:31:54 UTC","Hobbyists"
"77885","3d4401fd-5492-4b50-87d5-badcbf401dbe","2017-10-13 16:23:56 UTC","Explorers"
"87450","62ec5ce3-31e3-474b-a05f-bd24986ed0e8","2017-10-15 16:20:21 UTC","Preparers"
"88481","2c0b1dfe-94b1-4f2f-b9f3-90c6afa36f97","2017-10-16 06:48:03 UTC","Hobbyists"
"119986","3c131ca5-ba0a-41d7-82de-10309a754850","2017-10-18 20:10:04 UTC","Vitalisers"
"120766","84155054-9e2e-4faa-9112-827fc87ca35a","2017-10-18 19:09:46 UTC","Preparers"
"124618","48b2b35b-66e9-4e0b-9506-9345c5347e9b","2017-11-13 14:21:38 UTC","Hobbyists"
"126055","d69f19f1-81a8-445d-8d31-d0fd30c62534","2017-10-19 12:29:43 UTC","Vitalisers"
"126867","4279c123-c52f-40c6-9393-fca600c4f197","2017-10-19 14:14:23 UTC","Other"
"127497","a07b19c1-085c-44e8-9744-a7f6b0e99de9","2017-10-30 15:20:04 UTC","Fixers"
"127972","dda0936e-071a-46b3-b91f-16c9b69253b3","2017-11-19 12:17:12 UTC","Hobbyists"
"138870","532b41f3-e1ca-4f37-b420-41402eb166bb","2017-10-22 02:53:10 UTC","Vitalisers"
"146922","e008f714-9203-4614-a4bc-68dfc576e6df","2017-10-23 03:02:06 UTC","Vitalisers"
"147259","d77838d5-8760-4afa-90a5-aa151b02b088","2017-10-24 04:33:06 UTC","Fixers"
"149938","40042923-12ac-408f-8b01-ee06afbd4d25","2017-10-23 12:52:25 UTC","Preparers"
"159397","7fb45469-e4c6-4c9f-aea5-43384f0276eb","2017-10-25 06:52:02 UTC","Advancers"
"163450","16c7a259-7608-4ed9-b974-9e0733720cbd","2017-10-24 19:23:05 UTC","Preparers"
"165879","98f0d911-662a-4191-9e23-ba5adbf1d69f","2017-10-25 07:33:55 UTC","Flourishers"
"168883","e02fab48-3e3b-42c5-80de-66c579910e87","2017-10-25 11:40:59 UTC","Fixers"
"173708","289e3e50-c776-4e53-894c-d093dd6465bc","2017-11-07 16:11:23 UTC","Explorers"
"177369","7ea3b0ad-96bd-45fd-a7b8-9e5fb74c15c8","2017-10-30 12:30:23 UTC","Other"
"200018","03e35cb9-6d1a-4673-9596-31f06ab80c83","2017-11-19 09:49:24 UTC","Explorers"
"208729","b89a2ebc-fcdd-4d4e-906b-61cfcdd5cfed","2017-11-08 15:47:08 UTC","Advancers"
"208857","7adcf337-4946-465d-926f-2d0b07acb5b5","2017-10-30 15:20:51 UTC","Hobbyists"
"211640","1d056ef1-b54a-4234-b9a8-7512942b6864","2017-10-30 15:59:43 UTC","Vitalisers"
"211857","295a7c98-e77e-44d5-b475-0eafdddb24f0","2017-10-30 16:16:59 UTC","Advancers"
"212608","dcd74a9d-bf16-4efd-90d0-39504e64abba","2017-10-31 16:53:57 UTC","Fixers"
"213094","377882b7-cb7d-49a4-95d2-2dac35a3da74","2017-10-30 17:27:13 UTC","Hobbyists"
"214454","675d78a8-e447-465d-ad45-2e9ec5058d61","2017-12-21 15:22:08 UTC","Vitalisers"
"214826","99955a79-f5ad-473c-8e8c-a3bbad98fc5c","2017-10-30 19:48:47 UTC","Vitalisers"
"217545","d8870b63-df5a-451d-a1ec-b1dddf5de28e","2017-10-31 05:03:21 UTC","Fixers"
"217715","40d560f5-abeb-4d46-873c-9df88a9b6871","2017-11-13 00:34:22 UTC","Hobbyists"
"222274","9e0c7978-38d1-4b72-b9b3-67726ed00e0b","2017-10-31 12:24:11 UTC","Advancers"
"224898","6f9436c0-cd06-4b11-abe2-a0677ea53301","2017-10-31 15:44:34 UTC","Vitalisers"
"227060","74a2f5db-c62f-4b05-9c4d-85aceca2f654","2017-10-31 19:08:36 UTC","Advancers"
"234862","0cc348b4-8bc7-4ab3-981f-a488f8c7c5dc","2017-12-04 09:33:42 UTC","Hobbyists"
"237601","0a0e5d34-c524-414b-b07b-9a3181e138ac","2017-11-20 08:50:41 UTC","Explorers"
"245628","1eff829d-e89d-4543-8faa-9868062fd54b","2017-11-02 16:50:02 UTC","Advancers"
"248023","3baeace7-ce95-426d-8dbd-619da67230d3","2017-11-02 21:21:29 UTC","Vitalisers"
"271582","c8878bd7-0a1c-4a22-88bc-b5d294128930","2017-11-06 09:45:09 UTC","Explorers"
"273557","467577ef-1d82-4eb6-b6da-a0a3532fa905","2017-11-06 00:47:26 UTC","Vitalisers"
"275792","8a3566d4-5c00-4ff2-bea3-c0c0f4c6cf8d","2017-11-07 08:36:25 UTC","Vitalisers"
"276816","753df4c8-fe90-4942-8f87-cf6fe69a59c8","2017-11-06 09:20:25 UTC","Hobbyists"
"279651","b18398bf-5e5b-4a53-a1fb-3e52b42799f6","2017-11-17 15:39:09 UTC","Vitalisers"
"280102","9185ab5f-627a-4eac-b5d7-7c354e36cb73","2017-11-06 13:36:25 UTC","Vitalisers"
"284656","8655130b-fc45-430b-8fc6-8120ad50a03e","2017-11-06 22:22:55 UTC","Vitalisers"
"287676","0ec93aa4-e3fa-4e82-bef5-3fc4652dd6a6","2017-11-06 18:43:00 UTC","Hobbyists"
"298442","26ab6c32-f62b-4e5c-b87f-f723f388393e","2017-11-07 15:25:34 UTC","Advancers"
"301186","6668cc3f-c436-49f2-a783-181b6e26185c","2017-11-07 14:02:42 UTC","Advancers"
"308573","7fb0ee3e-264d-45f2-8c93-397edbf464f4","2017-11-09 10:46:01 UTC","Vitalisers"
"314317","7f52aeb2-68b1-4d89-b167-d6b5a104138b","2017-11-08 15:47:18 UTC","Vitalisers"
"315086","8e9c98e5-c210-4c5b-ade6-6133afdea98f","2017-11-08 16:38:27 UTC","Advancers"
"317517","6f070d2c-c4eb-4220-a9bb-dacda6525ced","2017-11-08 20:26:39 UTC","Other"
"331449","a1bd2652-5679-4af4-a90f-1751f07ca77e","2017-11-10 09:11:09 UTC","Advancers"
"333294","5ab3ad23-53d7-4b68-a5f4-945822ebad00","2017-11-13 10:46:50 UTC","Vitalisers"
"337405","6d1fb428-08c3-47ab-9e93-ad20e078de46","2017-11-10 15:09:30 UTC","Preparers"
"348641","a6756552-aab4-466b-80ab-419d9f80b709","2017-11-12 23:40:17 UTC","Vitalisers"
"350989","51138f11-13e7-48f6-8836-b959187754f6","2017-11-16 12:20:51 UTC","Explorers"
"352655","a60c5ddc-0450-448b-87a4-61970486f56b","2017-11-12 13:34:43 UTC","Explorers"
"359021","e0830dc6-01e7-4f0e-ae67-80362902ce29","2017-11-15 09:53:20 UTC","Explorers"
"359897","8faac894-b093-46c4-8bca-ba3a896e4463","2017-11-13 06:57:39 UTC","Vitalisers"
"359912","a18a070f-44dc-4bc0-9060-ae23245c1e10","2017-11-13 07:00:02 UTC","Other"
"361467","01ca869d-565c-47c1-95e6-2aa04bf3ffd6","2017-11-16 00:27:17 UTC","Fixers"
"363096","3ad2b4d9-e75f-436c-83b5-8028d8672c3a","2017-11-13 12:02:46 UTC","Advancers"
"366916","59bf966e-d125-42a6-bc36-feb360ea2d1d","2017-11-14 00:20:51 UTC","Hobbyists"
"367328","bfb5c392-39aa-4a51-afd5-884aaf942b05","2017-11-13 16:08:14 UTC","Advancers"
"369182","6325f133-be5f-4f90-8b8c-875bea2bf165","2017-11-13 17:23:30 UTC","Flourishers"
"369603","fc07cae8-82d4-4215-b421-52af493022a9","2017-11-17 22:05:38 UTC","Explorers"
"375633","a50b2f23-810b-4755-8ca7-f3c3f6067309","2017-11-13 19:29:25 UTC","Vitalisers"
"380514","07b81fad-0b67-4c9f-a60a-e14dc3c5c531","2017-11-13 21:24:14 UTC","Other"
"389314","23c1f8c3-b44e-4692-8234-ef4022f96b71","2017-11-14 00:09:26 UTC","Vitalisers"
"395920","603faac8-5419-4005-a38a-4439d8abff5b","2017-11-14 06:13:00 UTC","Explorers"
"397013","3d3bf08d-ae75-4386-b360-b1d9a8290be7","2017-11-15 06:15:18 UTC","Vitalisers"
"405135","40207781-50bb-4d85-8367-83c3dd043d4b","2018-01-09 08:33:40 UTC","Explorers"
"407933","66d9d1a9-ed0b-4764-a897-be4d0b0e6291","2017-11-14 15:36:15 UTC","Advancers"
"410640","a42cd237-ef47-4757-9b27-6f71641454cc","2017-11-14 19:30:14 UTC","Vitalisers"
"414213","0bf2124d-93fc-4c6c-89ee-4f8c9ed36ec2","2017-11-21 03:32:09 UTC","Vitalisers"
"414788","aad6ea2b-2bd9-4b7c-9b61-1bf691c99844","2017-11-16 01:43:43 UTC","Advancers"
"414894","830daf2b-ce25-44e1-abb6-9f2e43bb625e","2017-11-21 04:24:58 UTC","Explorers"
"421465","52fb519e-116b-4ded-a410-25ba3018520f","2017-11-17 12:05:55 UTC","Vitalisers"
"426640","9d1b6410-e144-4382-a539-86d646456e6e","2017-11-16 09:17:39 UTC","Preparers"
"427200","624b61f9-9e1c-4ab8-9ccd-1e3e29e49e6f","2017-11-16 10:16:53 UTC","Hobbyists"
"428129","e38936f5-2f39-4ef8-9c3b-e5e3c9d8f34f","2017-11-19 08:38:19 UTC","Fixers"
"428335","9a6f86fa-c67e-491c-b921-afdf406f597b","2017-11-17 03:06:01 UTC","Fixers"
"431206","eaafc341-265f-4c72-8f45-0d84389d09a3","2017-11-16 17:22:08 UTC","Flourishers"
"431498","386ae3ca-17fd-4982-9588-60e93c50e5b2","2017-11-19 20:35:58 UTC","Fixers"
"433470","b908ef92-0811-4208-8d72-d6d3c2385dd0","2017-11-17 09:29:16 UTC","Preparers"
"434234","390d5b6b-301b-4c88-8dca-ac50f657fbbd","2017-11-21 01:35:52 UTC","Fixers"
"435625","27d55f66-cee5-4109-b70c-c6d6b5adcc62","2017-12-04 04:52:00 UTC","Vitalisers"
"435921","b1564249-04ef-4e4e-bb19-485b8a490578","2017-11-17 12:16:38 UTC","Vitalisers"
"436284","cd25a11a-61ef-4cc6-b411-5622123cc96d","2017-11-17 18:53:01 UTC","Advancers"
"440065","ac4a9552-7591-4b32-b1fc-5902d430e2cb","2017-11-17 16:24:59 UTC","Explorers"
"440199","53d5311e-f2d3-45d0-8572-d76184687a2e","2017-11-17 17:12:35 UTC","Explorers"
"440417","cabb6e3f-940d-4029-9dcb-5c7c759158d5","2017-11-17 17:18:53 UTC","Vitalisers"
"440987","1139938f-3772-40c7-bee2-53a77f1cb878","2017-11-17 18:23:02 UTC","Vitalisers"
"441222","5d3ccedd-52db-4aa6-9232-b0529c0e395e","2017-11-17 19:37:59 UTC","Fixers"
"442625","f9400623-bbcc-4252-a789-6e837012d503","2017-11-17 22:49:59 UTC","Explorers"
"443970","4d17cb2e-e2c3-4517-bf14-94268a4170c0","2017-11-19 10:26:01 UTC","Flourishers"
"445209","1a2f5e0d-2688-430f-bae2-b9fc28ebd375","2017-11-18 09:53:24 UTC","Fixers"
"447562","1e2ac4c0-6895-4a5d-8a2d-3b71990bbd29","2017-11-18 16:17:59 UTC","Fixers"
"447797","ac88bccf-a388-4ca7-81b4-b90064b01b49","2017-11-18 16:16:57 UTC","Flourishers"
"447880","a6c80d6d-d7df-4b8c-b482-7da360f8c201","2017-11-18 16:58:47 UTC","Vitalisers"
"449225","148e14ed-324d-45e1-b1bd-3b9971b865df","2017-11-18 19:42:16 UTC","Explorers"
"449352","66788c80-3d74-4138-b2e3-79086eb54d64","2017-11-18 19:44:08 UTC","Explorers"
"449860","b12c54e5-533d-46ab-b933-4ed3e3bb87ec","2017-11-18 20:06:55 UTC","Flourishers"
"450086","5c8a02b6-9608-4d8a-aa81-0dcb188289af","2017-11-21 11:46:23 UTC","Explorers"
"450790","6da4ecf7-8640-4ec5-ac81-d9e5f772f967","2017-11-19 08:07:33 UTC","Hobbyists"
"451295","83c0e64b-965e-40ad-8a2e-a292f605c7f6","2017-11-18 23:12:20 UTC","Vitalisers"
"452233","e4262a0e-058b-41b6-8b9c-cc3e31ccc375","2017-11-19 02:36:13 UTC","Other"
"452975","c2e77df1-a152-4330-86e7-3419aa1253a7","2017-11-19 06:09:50 UTC","Explorers"
"453260","668c4608-6063-483a-8591-07d9625d5667","2017-11-20 05:27:14 UTC","Advancers"
"454056","9acbe058-1037-42a8-aeb5-929e78f33905","2017-11-19 09:34:34 UTC","Fixers"
"454104","aca1c0ea-d010-49fd-9b25-87ceae46ad7e","2017-11-19 20:14:14 UTC","Preparers"
"456752","039e8a3b-d7f3-4294-9288-4d3cdc8a9759","2017-11-19 15:24:30 UTC","Hobbyists"
"457938","66963dc8-90df-4091-8b4c-7a6ea919e2b4","2017-11-19 17:42:01 UTC","Hobbyists"
"458282","b42bd91c-a494-4de2-957c-40d489ddc302","2017-11-19 22:09:47 UTC","Hobbyists"
"458771","18b38993-fb78-4597-9f5b-33ec3c2f4f70","2017-11-19 19:14:05 UTC","Vitalisers"
"459383","d9822080-30b5-419a-a0af-23fe581125fd","2017-11-21 18:47:33 UTC","Flourishers"
"459491","178ab983-8786-4c2b-a395-86b45ef14353","2017-11-19 22:19:54 UTC","Vitalisers"
"459494","cda9fdf9-40a7-47ef-b02e-92c6de3c5491","2017-11-19 20:46:19 UTC","Advancers"
"460311","f347d42e-8940-4744-93fd-d43e9f2ef4c1","2017-11-19 22:31:29 UTC","Explorers"
"460711","279d3002-b51c-4b5a-b1f6-367c4f72d886","2017-11-20 11:24:02 UTC","Fixers"
"464363","5ba2aadb-65ad-4153-8bce-a782713b04e1","2017-11-20 10:19:37 UTC","Hobbyists"
"471287","e61398c5-e965-4d13-9add-fe5e5f330ae3","2017-11-20 18:03:11 UTC","Explorers"
"474772","868ca0df-a3b6-4e10-aae2-929aa27b3703","2017-11-21 20:38:25 UTC","Vitalisers"
"475372","12438211-1c21-4f98-bcc3-fc402723e91b","2017-11-20 21:57:36 UTC","Advancers"
"476348","072b646c-836a-47af-9374-6c63b502adb4","2017-12-16 23:35:20 UTC","Fixers"
"478801","3e7dae2e-5d6b-47ef-b856-751cf1fcb6ca","2017-11-21 07:56:09 UTC","Vitalisers"
"482370","8e8a8fe1-9002-4f3e-baca-74dd87744da4","2017-11-21 14:24:05 UTC","Other"
"482462","2f1e5d87-cbeb-4bf6-a461-d49bf0823f0b","2017-11-21 16:13:22 UTC","Explorers"
"484722","cb5e0334-e633-43e2-903f-110a5168e192","2017-12-05 07:37:17 UTC","Advancers"
"488778","8b97b287-a1ef-4e8e-867b-ab24e1f9d365","2017-11-22 11:38:52 UTC","Explorers"
"491901","f78b90cf-febe-4962-8d5b-84315e5d7abe","2017-12-28 09:06:00 UTC","Advancers"
"493251","8d69aba8-bd28-44ad-9809-d505bfb601a8","2017-11-23 14:17:22 UTC","Explorers"
"494758","6001ca2a-3b1c-494f-9f32-60e596c36ce1","2017-11-22 21:26:49 UTC","Vitalisers"
"496329","6f84a45c-6574-4ece-88a7-58e4427aac0f","2017-11-23 14:05:52 UTC","Explorers"
"499969","144b1a9b-1d26-402d-ba5e-ebec424524e7","2017-11-23 14:37:40 UTC","Other"
"500090","c4305ac7-85d2-419d-bfea-ff957c8d936d","2017-11-23 14:58:57 UTC","Other"
"500313","b658f921-3c9c-42ce-9013-fd2b29a1d7f7","2017-11-23 15:20:23 UTC","Other"
"502252","c1f40751-3ed1-4ea7-b16a-3d5ab24f633d","2017-11-23 20:05:31 UTC","Advancers"
"507225","472dc76c-c69e-4cb8-b5ee-bbf5da1cda0f","2017-11-24 13:57:51 UTC","Advancers"
"508212","65a57163-5ddf-40a9-8b33-08ed214e64c9","2017-11-24 16:14:28 UTC","Hobbyists"
"511880","b8a5fe50-fab7-4fd5-ad7c-154dcdaf8221","2017-11-25 08:57:45 UTC","Vitalisers"
"514762","6a721640-79b9-4352-9ad4-5a95c7887fcb","2017-11-25 19:27:28 UTC","Explorers"
"515007","32512370-7e6d-4983-afb0-e3f81b06caf6","2017-11-26 12:59:13 UTC","Vitalisers"
"519518","4417a73b-0e1f-4c56-8564-f507d732c275","2017-11-26 12:16:11 UTC","Preparers"
"519854","b1894713-4998-4b27-9ff4-91a4cbf5ffdc","2017-11-26 13:10:24 UTC","Preparers"
"520528","1d17ac81-b8cf-42e3-b681-9cd0faf2a577","2017-11-26 14:48:02 UTC","Fixers"
"522835","597eda50-6c93-4cc3-b936-ca7f8a3e0117","2017-11-26 21:31:30 UTC","Advancers"
"523301","3de9c0a9-9dcf-4169-b1d9-71f795afe2fa","2017-11-29 15:07:45 UTC","Explorers"
"524217","743ce1c0-171b-4518-bf13-73f1d6cae1f7","2017-11-27 16:40:06 UTC","Advancers"
"527426","6a788ebc-067d-49b1-a09f-81c25b9d45b6","2017-11-27 13:35:19 UTC","Advancers"
"528891","b8347735-0811-4e25-aecb-0619d2568fd3","2017-11-28 06:52:43 UTC","Advancers"
"532994","d76b8682-7c9d-4c1c-a68e-65653d84a857","2017-11-27 21:43:38 UTC","Vitalisers"
"533435","64601301-8f97-4224-81f3-b07279bafabe","2017-11-27 22:40:59 UTC","Hobbyists"
"535299","b093709c-ea92-4ec5-849c-d6e7f9f959e4","2017-11-28 08:15:27 UTC","Fixers"
"539600","dbf3059d-aa9a-4bde-88cd-e8611cedac67","2017-11-28 18:18:53 UTC","Explorers"
"539702","b58e2472-4989-49cd-b7fc-1c75aaa99e65","2017-11-28 17:22:20 UTC","Advancers"
"541232","3c898f65-ecd5-4fcd-a54d-b119e84b8bbe","2017-11-28 21:11:30 UTC","Explorers"
"543207","307a085e-b29b-43d0-aeb4-88fab233a3a6","2017-11-29 06:16:15 UTC","Explorers"
"543605","6499a091-2bc0-4d39-9a09-09847df17f3f","2017-11-29 08:00:36 UTC","Vitalisers"
"545260","fc383178-51e6-4c46-8064-d9c97f37d476","2017-11-29 14:53:55 UTC","Fixers"
"546438","65287b5b-f271-4ac1-b443-1faa29c148a3","2017-12-01 12:29:02 UTC","Advancers"
"550358","2eaaf4aa-2384-4e55-a514-fefa73e38dc8","2017-11-29 22:45:07 UTC","Explorers"
"552583","32d1c098-cac2-45f2-8632-ce0bdcfd04d5","2017-11-30 08:23:50 UTC","Flourishers"
"553035","2675bd85-32a7-4b2b-a76c-f2096ccdd447","2018-01-15 07:38:34 UTC","Fixers"
"553430","8e949f56-f584-4260-8715-485166a5eff1","2017-11-30 10:25:48 UTC","Explorers"
"554832","6bca393f-eaed-41ec-942b-1793b2f48a47","2017-11-30 13:37:39 UTC","Advancers"
"555380","fde961e5-8e4c-410b-9a8f-43c237590e7c","2017-11-30 21:17:50 UTC","Advancers"
"556227","04f19d3c-a481-45ab-b1b2-9fd74124ff1b","2017-12-01 20:12:13 UTC","Other"
"559450","4d0bfba1-6e46-4a5d-8b9d-edebcec9e532","2017-12-01 11:41:32 UTC","Preparers"
"560327","6d7ec2b6-a7b6-4f2d-9cbc-76f154c30cef","2017-12-01 12:41:59 UTC","Other"
"561052","7266ceb4-8225-469c-897d-539fe4f2f16b","2017-12-18 04:46:18 UTC","Vitalisers"
"562524","42ef6780-e5d2-484d-bea7-ea07494436b2","2017-12-02 02:44:28 UTC","Preparers"
"566702","caa4af85-59b4-4f76-9bdf-f76c3e4212e4","2017-12-02 13:28:31 UTC","Explorers"
"567464","bf0a367d-2c59-43bf-90bf-0323ca0202a1","2017-12-02 14:35:33 UTC","Explorers"
"576533","3ec69ca7-0c69-47a8-a038-6eba324964ed","2017-12-04 03:32:26 UTC","Other"
"581081","29148793-2512-46d2-9a68-2dba1014b3e9","2017-12-04 14:09:54 UTC","Advancers"
"581877","1fc6bea6-aede-4b4f-8e4f-b643444bd444","2017-12-19 06:14:11 UTC","Advancers"
"582699","4ceee55c-099c-4cd1-9069-bf94636744e2","2017-12-04 16:38:02 UTC","Explorers"
"589645","1a818bcb-d057-4cfa-93e2-4055c36dd947","2017-12-05 01:00:00 UTC","Fixers"
"589822","9a0b8a79-8cc2-451d-a7ee-a59e22e86a4b","2017-12-05 01:33:14 UTC","Advancers"
"590344","cc79cfa7-f299-4e39-aaff-868a915ed80f","2017-12-06 16:59:39 UTC","Advancers"
"591846","0ad52718-3d12-4e7f-9120-ce40bc895d03","2017-12-05 12:26:42 UTC","Vitalisers"
"592015","404217d0-8935-4309-b235-f8681bf5998c","2017-12-07 08:48:55 UTC","Advancers"
"598161","0add3cc4-f73d-4b5f-bbdd-1c4a66aa60ac","2017-12-05 23:14:59 UTC","Preparers"
"599602","ce9dfa10-bf2f-49e2-a376-f601163f0d8b","2017-12-06 12:46:40 UTC","Fixers"
"602393","48a493c4-e56b-41df-aada-5ccf036aae6f","2017-12-06 14:25:56 UTC","Explorers"
"602498","518b90a0-7552-44f8-844f-a37fa9877735","2017-12-07 11:13:51 UTC","Flourishers"
"602539","b5706776-8959-4af4-bfd6-a6b7696b1828","2017-12-06 14:55:14 UTC","Advancers"
"611785","196d8659-2473-4492-a750-6f2add3d5035","2017-12-28 14:12:04 UTC","Advancers"
"614746","d2c616ba-6006-4c8e-a26f-b67b3fa3e708","2017-12-18 15:43:52 UTC","Other"
"615256","41b36911-6bba-4c22-98e0-f90c9ba087b0","2017-12-08 16:23:21 UTC","Vitalisers"
"620625","c956055f-299c-4b22-8d1f-320bbf8b10ff","2017-12-09 18:00:13 UTC","Explorers"
"621299","e682a3e0-04c0-41d6-8cea-9b5b06d98cc0","2017-12-31 13:01:03 UTC","Advancers"
"623806","93fa0bc1-7658-4a85-ba14-811dad4d63f2","2017-12-10 12:28:30 UTC","Preparers"
"624423","dad85275-b6f4-4a94-827c-bb7768cbe602","2017-12-25 08:35:07 UTC","Preparers"
"626065","9df3a09e-b8e7-4d5e-be90-679bc38cb505","2017-12-11 07:08:36 UTC","Preparers"
"626222","cd9f9e6d-e39d-4f08-87fd-244e35fdabeb","2017-12-10 22:41:28 UTC","Advancers"
"627900","c2bbc090-c6e6-4805-bddd-c4db6a85ed33","2017-12-11 06:02:48 UTC","Vitalisers"
"628908","458308b0-9a4f-45af-a36b-d7b85ebf02b0","2017-12-11 09:36:48 UTC","Preparers"
"633822","0969960f-6f17-4ea9-bd69-e30130bc8a6c","2017-12-14 15:56:47 UTC","Vitalisers"
"635490","9b3bdfcb-22e5-491c-a8b4-1ef206add52c","2017-12-11 19:14:10 UTC","Advancers"
"638360","3099d4ca-a01d-4a4b-8f62-e0e74364129d","2017-12-11 22:39:28 UTC","Advancers"
"639059","6962b6b0-454c-4849-8339-a9422d24c490","2017-12-11 22:47:28 UTC","Vitalisers"
"644902","1ab9abf9-58bb-431c-b00a-a4cc4cf9a186","2017-12-12 12:39:01 UTC","Vitalisers"
"649546","3daaa09a-632d-4b37-8956-77b1252ca283","2017-12-12 23:25:18 UTC","Explorers"
"651341","23ee0b19-2d74-496d-8baa-77cfbb4027fe","2017-12-13 09:43:13 UTC","Explorers"
"660935","b81321d1-56b8-4a0c-b805-4a5f75281eda","2017-12-14 13:12:57 UTC","Vitalisers"
"661945","7f6e5cd5-368f-40ce-9bfc-3154a3757e9d","2017-12-14 17:08:55 UTC","Advancers"
"663839","76097bfc-3d80-476e-8816-885971c35f83","2017-12-14 23:20:19 UTC","Vitalisers"
"669351","95b2aefe-0145-4395-9e31-0b504678f8e6","2017-12-15 19:14:36 UTC","Vitalisers"
"672559","4dd65f58-ad3e-431b-97e9-f4590fd68aea","2017-12-30 10:30:03 UTC","Preparers"
"681163","e0246063-5f33-4eaf-ab5d-f22d6fd3f534","2017-12-17 16:32:11 UTC","Flourishers"
"683563","ba70bed1-f39b-4fb5-a081-e555bccd0f3c","2017-12-17 23:15:56 UTC","Hobbyists"
"683998","a1d58afb-bfbd-42d4-bc9b-dde8b6d41f67","2017-12-29 18:00:03 UTC","Explorers"
"684455","e34f735b-c199-4a0a-9527-59d1a02a6daf","2017-12-18 04:39:11 UTC","Explorers"
"684784","3793b206-5814-4a86-89fc-9d08f7f94d12","2017-12-23 23:59:33 UTC","Advancers"
"685324","70a1e21d-ee0d-4ed0-bd50-e93d121a0876","2017-12-18 06:55:49 UTC","Explorers"
"686988","bf42384d-dd4f-4322-bc11-fd94e4470419","2017-12-18 11:58:31 UTC","Fixers"
"692963","4151b790-6143-44b9-8993-9495a5d6d5bd","2017-12-19 09:09:45 UTC","Fixers"
"697884","bc293e8f-47b6-4593-9d48-390823ea0be6","2017-12-19 02:10:49 UTC","Advancers"
"698305","98962132-d656-426e-9725-ba150da355de","2017-12-19 02:53:48 UTC","Preparers"
"699490","83616bde-c107-4c0f-9e1c-4c503d5f192f","2018-01-17 06:12:52 UTC","Other"
"699513","80e2334d-d537-4e5f-9e23-7081ca328747","2017-12-28 09:46:05 UTC","Preparers"
"702653","69d49226-86cb-4523-83af-b621dda946bf","2017-12-26 20:27:57 UTC","Vitalisers"
"709429","9df05197-24d5-4dbd-bed9-89afdf734111","2017-12-20 10:49:39 UTC","Preparers"
"710666","43972a49-6a4d-4346-b839-f74b14d1ac6b","2017-12-20 11:33:33 UTC","Fixers"
"711439","0c9b86e1-46b7-41ff-b96d-e3d38f2cf726","2017-12-20 13:16:38 UTC","Preparers"
"714726","5e145161-7efe-49d1-aee0-b7ccc0510a69","2017-12-20 21:35:10 UTC","Advancers"
"717090","8139e519-47c2-4ca6-9818-bfd2beb2736d","2017-12-21 08:51:31 UTC","Fixers"
"717147","ce844e37-35c0-46ab-bdbf-9609b0f6f3f2","2017-12-21 09:17:13 UTC","Preparers"
"719135","70a79f15-9306-4ce5-b2f2-22876de40f5b","2017-12-21 15:53:50 UTC","Explorers"
"719824","ffb01cfb-1674-4150-b04a-0b1fb57ca288","2018-01-08 12:27:04 UTC","Vitalisers"
"721602","374ba4be-0d75-43f4-a2c8-0f671022c4d3","2017-12-21 22:34:06 UTC","Explorers"
"722117","c81ae16a-17a7-4001-b7c4-9d4ecb74982f","2017-12-22 01:01:40 UTC","Vitalisers"
"727629","ad1dc5ac-c8b4-4fde-a6bb-87b056e447da","2017-12-22 22:49:36 UTC","Hobbyists"
"728477","1174ab1c-c3c4-4987-b8f1-2d5044a78522","2017-12-23 03:20:07 UTC","Hobbyists"
"734204","13647742-a516-4b4b-a82b-7161e6a591a1","2017-12-24 15:22:35 UTC","Advancers"
"737277","6c381955-5585-4509-8f4a-525f800fce73","2017-12-24 23:09:58 UTC","Vitalisers"
"737673","8ec20c12-d087-4cce-afcd-a3d5ad01e1af","2017-12-25 02:18:39 UTC","Preparers"
"740777","d88e8647-5c1b-4adc-abc7-a5de61b44d5b","2018-01-10 17:36:50 UTC","Advancers"
"743152","2a4fa756-58cb-4b38-a62c-9c98de7490f1","2017-12-26 08:43:18 UTC","Advancers"
"743422","c9b1610c-aad9-4ade-82d9-d01118daf5ac","2017-12-26 09:37:36 UTC","Advancers"
"743441","91c862b3-eafc-464f-8709-3e7fa28af683","2017-12-28 00:28:26 UTC","Other"
"744661","d96455fc-33bf-4b64-a785-86ec29382f36","2018-01-05 13:49:46 UTC","Vitalisers"
"748888","ef7ee1bc-eb56-415f-b544-211920e33289","2017-12-26 22:56:58 UTC","Hobbyists"
"750469","16d52d2d-f177-4aa4-96dc-bb6f25cd669f","2017-12-28 12:07:15 UTC","Hobbyists"
"755074","ddfc5a29-2ba8-4492-839f-eab3c89fd172","2017-12-27 10:42:40 UTC","Advancers"
"755375","733588e6-8729-4d37-84d3-744a27fa559c","2017-12-27 11:22:13 UTC","Advancers"
"756090","517e30a8-dc21-432f-a655-22cd4933de14","2017-12-27 12:52:24 UTC","Advancers"
"760184","7c7513e4-c979-4aec-b3c0-52b4d6a057a4","2018-01-19 13:12:50 UTC","Preparers"
"760186","1c6fb937-7343-47f1-87e1-d54521fc338a","2017-12-27 21:08:09 UTC","Preparers"
"760326","90034a5a-c939-47bb-95f2-bd301904ae9e","2017-12-27 22:03:45 UTC","Hobbyists"
"760442","9b16c14d-36f7-41ad-ab18-c08e13646163","2017-12-27 23:08:29 UTC","Other"
"760623","6070bf6b-1316-4fda-971a-029320483f42","2018-01-24 02:21:23 UTC","Advancers"
"760952","359a1bb9-82be-4789-a661-4095e38381e7","2017-12-28 03:05:19 UTC","Explorers"
"764450","88d86450-5eb3-41ac-bd98-ebad19733a51","2017-12-28 11:34:30 UTC","Hobbyists"
"768137","b717a09c-a93b-4e1b-8504-32557fd247d1","2017-12-29 20:16:17 UTC","Hobbyists"
"769494","77455468-4283-4f26-a95a-615f33868a7d","2017-12-29 01:20:42 UTC","Advancers"
"770450","ed35999f-26d0-47ee-88d8-f7a6a6cf3109","2018-01-02 05:59:26 UTC","Flourishers"
"773124","f3dfda03-0f58-4abc-8c55-2155c6be09c8","2017-12-29 14:37:03 UTC","Preparers"
"773993","2ba2564d-cdfe-43ab-9b6c-a90fb8c2d50f","2017-12-29 16:29:51 UTC","Advancers"
"775813","b89ae92f-bebd-4f44-b371-86b1b7e061c6","2018-01-01 16:56:33 UTC","Flourishers"
"776223","a6515e65-e5e4-486f-9a70-53943e52086d","2017-12-29 23:46:54 UTC","Preparers"
"776750","651981d0-e385-41ff-a8f0-39aef84a9d9e","2018-01-04 02:36:04 UTC","Vitalisers"
"777771","40748bee-b633-4159-b253-ae0d903f3edc","2018-01-02 13:51:46 UTC","Explorers"
"778730","4105b792-9b39-4d18-bf09-aa0845d1a2b4","2017-12-30 11:01:36 UTC","Preparers"
"778868","531d30b6-755e-4f93-bf36-25ee08d4b396","2017-12-30 12:29:33 UTC","Preparers"
"778895","d120b6a5-6cee-4a28-9800-7b94e29f4f9b","2017-12-30 12:36:41 UTC","Advancers"
"778991","7df40c54-0374-4ba2-ae89-b84dc3288402","2017-12-30 11:54:43 UTC","Fixers"
"781739","4d13fd72-efad-4629-a328-4a6b2c96f9d4","2018-01-08 11:28:30 UTC","Vitalisers"
"781772","06f4aae8-d837-47b8-9c06-ecb7fc9ed107","2018-01-03 18:51:09 UTC","Explorers"
"784653","a56a57bf-f7cd-46cc-bacf-202f97131952","2017-12-31 15:24:14 UTC","Vitalisers"
"795682","8afa6344-f657-4fe0-9676-cffc0309cd35","2018-01-06 14:29:56 UTC","Explorers"
"796925","bc08b123-95a3-4e07-aa2c-930eb2cb9132","2018-01-02 17:20:32 UTC","Explorers"
"801702","2b05af18-4b5f-4b74-a13a-28dd914be823","2018-01-02 13:15:18 UTC","Other"
"805709","e0d09d76-e8d3-4a30-aee3-62a987f82169","2018-01-02 14:48:09 UTC","Explorers"
"807990","066a8554-48a2-4b8e-ab69-380905d05a00","2018-01-04 14:22:54 UTC","Fixers"
"816225","23f80867-645a-427d-9f92-0365ac24fe33","2018-01-02 21:10:02 UTC","Vitalisers"
"823841","34c86084-9bdd-44fd-ba87-790469181e9b","2018-01-03 08:45:02 UTC","Other"
"826648","4aff7250-156a-4fbb-a1ac-468a93524382","2018-01-03 12:22:50 UTC","Other"
"832859","e3a77c56-35fc-435c-b155-a2de414062ca","2018-01-03 18:23:58 UTC","Vitalisers"
"842313","9f17b91d-b336-4307-9a92-455ad853ebd9","2018-01-04 12:57:27 UTC","Fixers"
"848017","15af7454-d489-43fe-8707-11475a3585e4","2018-01-04 20:59:20 UTC","Preparers"
"851048","a4fbe50b-383c-489e-8f54-b9b89c2c7550","2018-01-05 07:14:36 UTC","Flourishers"
"853671","ff2c3bd9-0bb8-47ff-add6-edd748bf50a3","2018-01-06 14:46:29 UTC","Advancers"
"857680","26b9507c-9eda-42d5-9350-d1c16eaded2b","2018-01-05 16:59:49 UTC","Explorers"
"860697","c0f79629-b4e7-4022-864c-df7d50141ff9","2018-01-05 22:14:52 UTC","Preparers"
"868850","77680b6c-cad1-4cef-8b00-c047449e1692","2018-01-06 20:51:03 UTC","Other"
"869241","6c7718cc-b567-4223-9e5a-473f8b4b0205","2018-01-07 12:28:52 UTC","Advancers"
"872323","29f5a360-eb3c-4b56-9c6e-9aa2fcda5279","2018-01-07 10:30:02 UTC","Explorers"
"873305","29dd58b2-0b10-4afe-81bf-bdf6cb536314","2018-01-16 07:47:52 UTC","Hobbyists"
"875214","acabe308-3c04-41bc-8a0a-4ac3015baec2","2018-01-08 07:31:09 UTC","Vitalisers"
"875990","ae08d6af-38a7-4774-95df-c34b9713a3c9","2018-01-07 19:40:02 UTC","Explorers"
"878962","4f124fcc-2aeb-46c8-8e53-306c17531545","2018-01-07 22:52:50 UTC","Other"
"880055","975426c3-803b-487e-aafe-d7fbdb633d07","2018-01-08 02:13:20 UTC","Other"
"894731","0b8101b3-87b2-42bb-a070-43c88d7f3471","2018-01-08 18:32:21 UTC","Vitalisers"
"896724","14b89496-e8a1-458d-b411-60475d017abf","2018-01-08 21:09:02 UTC","Explorers"
"903875","e69b4c7b-e246-480c-bf7d-7afbc8b3f8db","2018-01-27 13:27:49 UTC","Fixers"
"911825","b08b5ca2-d876-48d3-a63b-86eef75acd90","2018-01-18 22:40:32 UTC","Advancers"
"914152","3a07bf32-d471-4f2a-b7fd-1a5653260e89","2018-01-13 19:11:14 UTC","Preparers"
"917759","a702e0db-5fb3-49a3-b5eb-7fd3604d70e9","2018-01-10 14:59:26 UTC","Flourishers"
"925931","9661a8f2-6942-41e9-bce7-b7272f30f718","2018-01-11 19:56:34 UTC","Explorers"
"926606","261dfa89-7cb1-4a7f-b29f-bf397535a5fe","2018-01-14 16:49:36 UTC","Explorers"
"929913","9b5f29b7-7497-408a-8683-5cfdf601cfc6","2018-01-12 07:43:30 UTC","Advancers"
"930595","8978a164-dacf-4e1a-b4a8-097dc153fdb2","2018-01-11 14:51:36 UTC","Advancers"
"931871","cd373a75-a164-4ea3-b3ce-0610a4fdb47d","2018-01-21 23:58:51 UTC","Explorers"
"932498","6e28b98c-89bb-4f90-a22b-a2dd5c70c013","2018-01-14 13:40:39 UTC","Advancers"
"933506","057833ec-44ed-474e-bc38-84e33e9988f5","2018-01-11 21:55:46 UTC","Preparers"
"940102","31830c03-7a41-428d-98ba-4e3ea2eb8298","2018-01-12 13:43:07 UTC","Vitalisers"
"951742","742e888d-3069-4ec0-854b-bcc4d6bfba56","2018-01-14 01:41:13 UTC","Vitalisers"
"958065","50f3b52f-09a2-411f-8732-9a8c2afdd071","2018-01-14 21:35:46 UTC","Explorers"
"958223","58137fe7-4baf-458d-a238-61f2bbd31cbd","2018-01-14 22:54:36 UTC","Advancers"
"669320","a40cf98a-3c58-42f4-b354-010dc2f0d585","2017-12-15 22:35:55 UTC","Vitalisers"
"670746","f91b7ed8-6f24-4640-93c9-432ecaaf7a74","2018-01-18 01:48:49 UTC","Fixers"
"672403","971ce4dd-79a1-4cc8-8ede-aa640377d126","2017-12-17 08:24:37 UTC","Fixers"
"672612","1c092421-43b6-4040-86b4-9960fcb3d19e","2017-12-21 11:09:20 UTC","Vitalisers"
"673307","532b41f3-e1ca-4f37-b420-41402eb166bb","2017-12-18 01:48:17 UTC","Vitalisers"
"675375","bcc716a0-dede-4553-bc3b-22066ca29e85","2018-01-09 11:35:31 UTC","Vitalisers"
"679519","ad41088f-4e2e-40b8-ba10-0d659a0c1245","2017-12-17 13:52:24 UTC","Advancers"
"686101","40207781-50bb-4d85-8367-83c3dd043d4b","2018-01-09 08:34:06 UTC","Explorers"
"692320","295a7c98-e77e-44d5-b475-0eafdddb24f0","2017-12-18 17:35:53 UTC","Other"
"697578","1a818bcb-d057-4cfa-93e2-4055c36dd947","2018-01-23 12:22:10 UTC","Fixers"
"702414","cb1bdfee-8d60-4afb-bdc6-72bf40f368ce","2017-12-19 12:33:22 UTC","Advancers"
"704653","701b85b9-1b29-451a-a118-fb94cb799321","2017-12-21 16:09:34 UTC","Fixers"
"717540","4e7ac399-d259-4120-9ef1-c6943cf88e04","2017-12-21 11:22:48 UTC","Advancers"
"725780","40ee36c0-5622-4dd9-89f6-a10a1a1012d1","2018-02-06 17:33:03 UTC","Hobbyists"
"728897","3f7ae718-00b1-47cd-87da-b20a64c1969f","2017-12-24 02:51:06 UTC","Preparers"
"735621","fc383178-51e6-4c46-8064-d9c97f37d476","2017-12-31 17:13:10 UTC","Advancers"
"760357","0078ca73-0635-4354-af22-cc4b935dbeea","2017-12-27 21:47:21 UTC","Hobbyists"
"765464","5605b656-490b-4556-8339-7ce8942c86d0","2017-12-28 13:07:27 UTC","Explorers"
"768159","274b074d-31e6-4238-87ff-c16a9ebcbe63","2017-12-28 20:02:35 UTC","Explorers"
"788915","7de4fb9f-ae9d-4f23-aadc-6473d7c01975","2018-01-02 04:40:48 UTC","Preparers"
"798359","662f803a-add6-4413-ad70-4acc85d7a8a4","2018-01-08 23:12:55 UTC","Advancers"
"800990","94788a8f-2a28-4e31-9cbd-7466bc840848","2018-01-07 21:36:36 UTC","Vitalisers"
"816992","6cfaa598-e213-4bef-8f6e-457e72fa0265","2018-01-21 00:43:38 UTC","Flourishers"
"832214","6af2c166-0ed3-4ec5-bd5e-33906c54086d","2018-01-03 23:23:15 UTC","Fixers"
"833983","1851c1c6-7715-4ca0-a270-213db3a58159","2018-01-04 19:26:38 UTC","Advancers"
"854042","ae08d6af-38a7-4774-95df-c34b9713a3c9","2018-01-05 12:08:26 UTC","Explorers"
"896851","b58e2472-4989-49cd-b7fc-1c75aaa99e65","2018-03-08 16:39:03 UTC","Advancers"
"953912","0e183fd6-d219-4a29-ad0a-00c39a6b7ce3","2018-01-14 12:14:58 UTC","Explorers"
"958067","7d5069f5-ded5-46ba-bcc1-3c1129eee248","2018-01-14 21:49:29 UTC","Vitalisers"
"973369","5da672ef-62e7-42ec-a4be-78e6cbd50465","2018-01-15 20:55:37 UTC","Advancers"
"984362","ff764847-41f9-434f-9ac4-c79246e787f2","2018-01-16 16:42:20 UTC","Vitalisers"
"990679","b3741430-f5c5-4025-83cc-241ba9dab752","2018-01-17 09:39:17 UTC","Fixers"
"1000991","ab49e85d-dea8-40f2-a0cf-4cc943a8d59e","2018-01-18 10:23:50 UTC","Fixers"
"1016098","d013dfa9-b3b3-4377-a524-e2edce528e6a","2018-01-19 15:23:15 UTC","Explorers"
"1021170","b5cf32df-4d0a-4903-a28b-8fe94d7aac42","2018-01-20 09:36:46 UTC","Fixers"
"1022470","1410043b-4e13-48bc-ac37-d6cdca0eb234","2018-02-14 10:48:58 UTC","Advancers"
"1025687","74dc8862-8271-4701-bd03-fad3ccea8452","2018-01-20 21:18:37 UTC","Explorers"
"1037296","1319795f-71fe-4b22-9e18-25465276fbe1","2018-01-22 17:43:22 UTC","Vitalisers"
"1037801","485e35c0-717e-43f7-91bd-5ba0b0e325fb","2018-01-22 11:07:46 UTC","Advancers"
"1040194","d597a69a-15c9-4438-a9cf-1d7360db5aed","2018-01-22 14:08:41 UTC","Preparers"
"1045852","fc628842-cedb-4a4b-91dd-2063d7ea5cc0","2018-01-22 23:50:45 UTC","Fixers"
"1045855","42b5a416-a42a-4929-aac3-6c551cacaf15","2018-01-22 23:49:58 UTC","Flourishers"
"1050088","c87b2ef6-a66e-4d8a-82a5-57821897fa32","2018-01-23 12:21:40 UTC","Preparers"
"1063541","fb2b6f35-50f0-4a2a-b67d-e6a22353d051","2018-01-24 06:27:41 UTC","Explorers"
"1076868","79c87dd5-ac5b-4545-aa9e-92373c78e454","2018-02-04 18:01:56 UTC","Advancers"
"1086988","9c903415-b6dc-4dad-9086-194f4e6d40fa","2018-01-25 19:32:22 UTC","Explorers"
"1089783","d529b68b-39c7-4284-a527-ab9995ee61a4","2018-01-26 01:13:40 UTC","Preparers"
"1091418","9d8787a9-e4c9-4326-bef4-b1a09cc4c7e8","2018-02-06 06:52:10 UTC","Explorers"
"1096205","02985f63-5f87-4c9b-8207-268daf7fee13","2018-01-27 08:00:18 UTC","Explorers"
"1104910","b3c5c089-6381-47d8-86f3-c2ae820b38e9","2018-02-05 19:39:23 UTC","Fixers"
"1114471","d416c199-cf68-4c94-9ad2-23742bbd282d","2018-01-31 15:00:15 UTC","Hobbyists"
"1115367","c139e6a1-f66f-4870-a720-db8363562560","2018-01-28 16:56:29 UTC","Vitalisers"
"1116036","60c55c0b-ed02-4411-a78d-2f35956eac17","2018-02-14 17:14:57 UTC","Vitalisers"
"1122897","de0ddcf6-c484-4304-bff3-883ee7a27e29","2018-01-29 08:18:36 UTC","Vitalisers"
"1123405","36a7c379-3713-4e7d-b2c7-159544927baa","2018-01-29 09:19:23 UTC","Flourishers"
"1124029","cc1f5bc2-294b-4a4a-b12d-f6b2f0f1c9dd","2018-01-29 10:13:39 UTC","Explorers"
"1129133","ebf808c2-1608-46aa-8462-fbdd12f5a555","2018-01-29 14:02:32 UTC","Advancers"
"1133422","7194fd67-3c5d-4d05-877c-0bbd0aced6dd","2018-01-29 16:45:23 UTC","Preparers"
"1146215","f61b2980-4dad-4b2b-bacb-9763dc9915d0","2018-01-31 13:05:18 UTC","Explorers"
"1147607","e13e6464-b079-4700-81cd-8e3a2464b4b5","2018-01-31 06:04:30 UTC","Preparers"
"1147949","1407c701-0ef7-4fb6-9a3c-59b3f1cf0d09","2018-01-30 15:33:26 UTC","Explorers"
"1158112","8006ac94-1bf7-49bb-ba9c-4ffb9374502a","2018-02-01 13:06:16 UTC","Vitalisers"
"1161866","dd86d287-1ba9-41f7-878c-cbc3cb58231f","2018-01-31 13:41:32 UTC","Explorers"
"1166526","5058f55c-c926-4fef-8054-7e4cc1bc083f","2018-02-05 09:26:29 UTC","Advancers"
"1171937","f45b6f87-9c5a-44d0-87e8-6978c6ec5928","2018-02-01 10:52:29 UTC","Advancers"
"1174219","ba8033f3-0c63-4f93-84c0-a3cbc411c690","2018-02-04 16:24:42 UTC","Advancers"
"1174313","3bae4c58-090f-423d-9999-5cdcf35f60b3","2018-02-05 06:23:49 UTC","Preparers"
"1174579","41727bf7-b4ac-4e28-b4fd-79d27f456a9f","2018-02-01 16:17:40 UTC","Explorers"
"1179946","00302907-8e35-4048-9e82-94e9829997ba","2018-02-05 00:50:36 UTC","Vitalisers"
"1181379","bfe04433-9e79-484f-84a3-bc18cf496b91","2018-02-02 02:51:39 UTC","Fixers"
"1187485","b8b973ce-635e-4c08-ad78-9aa98dc80fe3","2018-02-02 14:54:05 UTC","Explorers"
"1191618","bad6a8ec-b461-4f25-a59d-ef383f501531","2018-02-02 21:56:02 UTC","Other"
"1192324","514daf93-5a8e-4635-848d-1c5c352a6407","2018-02-06 23:13:46 UTC","Advancers"
"1192881","0c66f59c-1087-4afe-8ba2-c2634f3e9328","2018-02-03 12:39:49 UTC","Hobbyists"
"1193214","a12b7402-4a47-497c-96ee-0acccf70e488","2018-02-05 04:58:38 UTC","Other"
"1199026","91796ddb-2507-4b40-8b04-c4171820d36e","2018-02-03 17:46:29 UTC","Vitalisers"
"1200874","d9ec14da-a603-4867-9eb9-71fbf22fa95a","2018-02-28 20:01:57 UTC","Fixers"
"1207838","f98c6434-604e-430a-bf6b-fd8ee1f2c2de","2018-02-19 14:10:33 UTC","Vitalisers"
"1208248","a1b9ad79-76b4-4847-8568-6d4beda590d1","2018-02-04 14:03:10 UTC","Vitalisers"
"1210599","cccd1a18-6146-476a-be3a-a66fa8ae1a9a","2018-02-04 16:23:17 UTC","Explorers"
"1210909","6657126d-c489-40bd-a469-3758a1d53978","2018-02-04 16:54:19 UTC","Other"
"1218749","3589a902-3659-4410-b82a-35cb7f3336e8","2018-02-05 14:55:44 UTC","Preparers"
"1219730","8c8132b1-9f31-4e79-990c-f7313bf2266b","2018-02-05 21:48:35 UTC","Vitalisers"
"1220600","7db9397b-ed26-4705-8115-c5bceb6d261c","2018-02-07 05:55:09 UTC","Explorers"
"1220817","d4a9ccc3-4084-4950-9dd1-15c23f95dc80","2018-02-15 03:37:12 UTC","Vitalisers"
"1222037","f05ff346-5e8f-4ef1-aeb9-6680bf723d6d","2018-02-05 09:04:32 UTC","Other"
"1225384","834ccd88-849c-47a7-8157-d7364a804543","2018-02-05 15:27:54 UTC","Vitalisers"
"1227267","dee72ae5-0363-4830-9063-ea4976fe2375","2018-02-05 12:05:42 UTC","Hobbyists"
"1227693","e4b7db2c-7647-4642-8666-ec7a85ecea42","2018-02-26 10:08:39 UTC","Explorers"
"1227884","094b4259-1516-4ce5-a3da-795d9af58e71","2018-02-06 14:57:00 UTC","Preparers"
"1228747","064e1ab6-1a5c-46bd-9e4c-de42df55c802","2018-02-07 08:11:06 UTC","Other"
"1230705","ef863bc4-3c04-4afb-9c38-d09f655afd60","2018-02-05 14:34:55 UTC","Explorers"
"1232977","aa10e088-cb71-444a-9c41-41a26f71fc3c","2018-02-05 17:01:11 UTC","Explorers"
"1233520","b1f77167-2fcc-404d-a465-f1aa35fc1972","2018-04-16 03:31:09 UTC","Explorers"
"1233910","1f43120a-93bc-4bb8-b9da-db54c926ec44","2018-02-05 17:00:23 UTC","Explorers"
"1234735","4f76b876-57ab-4e13-8832-637b1479a8c3","2018-02-05 19:10:43 UTC","Other"
"1238023","6ec41e1d-c182-4d08-aa76-728871f18196","2018-02-05 23:00:41 UTC","Advancers"
"1238826","9b68f5be-c178-44b1-ae93-e740b71409ee","2018-02-05 21:34:43 UTC","Hobbyists"
"1239115","2c7e99eb-5010-4f4f-9839-714fd94f6647","2018-02-19 08:22:45 UTC","Preparers"
"1239952","3c39de73-cf62-4ed7-b4e9-8621df85401a","2018-02-08 22:45:22 UTC","Preparers"
"1240182","4a955c28-8359-4872-affc-9b2a378d85c3","2018-02-28 14:25:10 UTC","Preparers"
"1240447","bbe5d91d-e351-41e5-b589-8c14e3a0286d","2018-02-06 00:18:31 UTC","Vitalisers"
"1240703","bfc6acba-20d3-4e4f-a588-280900da3255","2018-02-06 09:01:46 UTC","Flourishers"
"1243513","f4e5ca2d-938f-4891-be75-0ca4bbc783d4","2018-02-07 05:07:13 UTC","Fixers"
"1244000","288cb8e2-921c-471f-a332-a34884275416","2018-02-06 07:08:13 UTC","Fixers"
"1244780","ab65a17d-ead4-423a-93f1-7ce050cee16b","2018-02-06 21:58:14 UTC","Advancers"
"1246402","500b08d1-010e-47a5-969f-7761be2ee78b","2018-02-06 10:39:16 UTC","Vitalisers"
"1251280","68fce601-5e93-4145-93a9-5653ec635a1e","2018-02-06 18:40:57 UTC","Advancers"
"1251739","63e2fe27-0e10-4c7a-a0b5-938b37fa7cae","2018-02-06 20:45:09 UTC","Other"
"1251966","a2192e27-aed1-48eb-bbed-88998dc3de5a","2018-02-07 10:48:08 UTC","Hobbyists"
"1251985","06534504-8d49-4aa8-9570-ad6b9b07a846","2018-03-02 12:22:53 UTC","Vitalisers"
"1252100","323d78f0-d6f1-4cbd-9d7f-bbad312caf00","2018-02-07 15:02:50 UTC","Explorers"
"1252244","c32984e6-a883-4701-897e-1c840e6e2ecf","2018-02-06 17:10:20 UTC","Vitalisers"
"1252537","0f6864b9-67b5-49fb-84c2-d981ebab17e4","2018-02-12 17:08:06 UTC","Other"
"1252873","9b193413-fd25-442b-a95d-974d939ca7cb","2018-02-06 17:13:05 UTC","Hobbyists"
"1253415","0b1a27d8-b2bc-43f4-b0fd-c6b011b35186","2018-03-07 12:01:11 UTC","Vitalisers"
"1253463","3dbda01f-e3e3-4d90-b35b-2bba429c1056","2018-02-18 21:36:43 UTC","Other"
"1253487","b3761f7d-8b82-46f8-ab18-48153fe7cffa","2018-02-06 17:41:52 UTC","Fixers"
"1253635","36025d73-6f7f-4a3f-8ebf-6794b82cb0a6","2018-02-07 06:46:21 UTC","Hobbyists"
"1253883","90128f1c-6755-4e8d-88f5-d0ea13c79bea","2018-02-08 15:38:16 UTC","Flourishers"
"1254069","b502a7ac-1505-436f-aebe-cb40cb0bdf47","2018-02-06 17:58:03 UTC","Flourishers"
"1254108","2e471e65-52f1-4202-9cf9-01ec6d0042ce","2018-02-06 18:01:08 UTC","Fixers"
"1254179","dea16f7b-9a0b-4483-ad94-105ee9d0d942","2018-02-06 18:14:03 UTC","Other"
"1254557","06f4aae8-d837-47b8-9c06-ecb7fc9ed107","2018-02-06 18:25:24 UTC","Explorers"
"1255282","d6ad2ebf-2837-4595-b135-de3ad65ca903","2018-02-06 18:53:29 UTC","Hobbyists"
"1255542","578f5504-a15e-4451-85f9-b78f766df9da","2018-02-08 00:56:23 UTC","Other"
"1255555","174275c5-cdfd-4acb-867e-ca7a60becba2","2018-02-06 21:03:33 UTC","Preparers"
"1255557","f017d96e-e2db-4c0d-a586-4d2a3a2174bd","2018-02-06 19:13:06 UTC","Fixers"
"1255842","3f786870-1b6b-4c35-bbb9-4727f94de891","2018-03-08 12:39:23 UTC","Vitalisers"
"1256378","149c2771-8cb7-4d97-9fce-d8530e43c363","2018-02-06 19:41:35 UTC","Vitalisers"
"1256729","c116b956-fb88-41d4-a492-fc0736e93586","2018-02-14 15:06:03 UTC","Explorers"
"1257231","0de2f77d-8ac0-4ea0-97fb-dce898c8e57c","2018-02-06 20:23:56 UTC","Advancers"
"1257276","93204515-f231-4f4e-a732-4f1563fd0912","2018-02-16 15:06:45 UTC","Fixers"
"1257557","31d97415-4ed9-4705-9385-a362dbb649ec","2018-02-07 07:46:02 UTC","Vitalisers"
"1257631","8fc47d12-ae42-4c1b-a484-fce50c7c86c3","2018-02-06 20:18:58 UTC","Vitalisers"
"1258120","255ee7d3-8c23-4638-84d1-701ede7bf219","2018-02-06 20:34:20 UTC","Vitalisers"
"1258754","a874c78f-2cab-4221-90c9-42c3bee00149","2018-02-06 23:01:18 UTC","Other"
"1258982","ed99bfb3-4fe7-4fe2-bfa9-d207a49f0112","2018-02-06 21:51:07 UTC","Vitalisers"
"1260461","f184ae7e-5e9b-434c-af61-22a71014b474","2018-02-12 00:59:54 UTC","Advancers"
"1260922","0fde7775-2bfd-47c9-b4f6-5ebcb9e8af97","2018-02-06 22:35:25 UTC","Hobbyists"
"1261304","15fc983e-5646-49d1-a8bd-b1e20a51ff0c","2018-02-09 04:44:30 UTC","Vitalisers"
"1262484","b1f9fe30-8993-48a5-89e3-3fb4be296e56","2018-02-10 03:02:10 UTC","Hobbyists"
"1262573","1458af49-d21f-4fb4-8712-975e7885b969","2018-02-07 01:03:10 UTC","Other"
"1263142","62372747-50c7-4009-8caa-bb01e2ebe4e6","2018-02-07 14:22:44 UTC","Preparers"
"1264325","a5d11938-b82b-4a8b-bf98-1a6802063410","2018-02-08 15:59:35 UTC","Fixers"
"1265947","2f0e6c7d-372b-4a2d-b87a-d116d8c27357","2018-02-07 07:29:48 UTC","Explorers"
"1265979","1b8c4d2a-a7d2-47e3-b9cd-80aee2cb4901","2018-02-11 10:15:51 UTC","Explorers"
"1266731","c801988b-b61c-4d6a-a919-615ffebd452b","2018-02-08 15:33:19 UTC","Fixers"
"1266823","b78029fb-7ff1-463a-a9fc-ba993012c9a9","2018-02-07 08:57:04 UTC","Fixers"
"1267056","d11d95ea-6176-4480-afc9-f70b3a28fe36","2018-02-07 14:18:32 UTC","Vitalisers"
"1267196","19747003-d67d-48a6-8331-b300793d3703","2018-02-07 11:17:01 UTC","Flourishers"
"1267353","4022949b-6634-45ec-b158-683f8c65ef4b","2018-02-07 15:38:45 UTC","Fixers"
"1267467","13e9494e-7ccb-4e39-882f-3e9bc59c3c3b","2018-02-24 05:20:51 UTC","Explorers"
"1267600","773c7660-4212-41cb-ad86-47e2150b9bc6","2018-02-07 16:46:15 UTC","Vitalisers"
"1267735","6ec2cd08-9ec5-40d3-b76f-f4582bdfe6a9","2018-02-07 10:00:24 UTC","Explorers"
"1269530","bcb61e95-1899-4228-a9ec-0a96eb4bd4de","2018-02-18 01:16:03 UTC","Other"
"1270547","6a8ffffc-8474-44fb-a5a4-378b4ffadfe6","2018-02-07 17:01:03 UTC","Other"
"1270609","f626df76-5abd-45e2-b3de-13b0e3d2a73a","2018-02-19 16:44:07 UTC","Fixers"
"1271620","5b333cee-c1b1-4f7a-9bf3-a86efb4f8630","2018-03-03 13:12:13 UTC","Explorers"
"1272874","5bc1e5a6-c496-4a5e-af41-842fa66dc7b4","2018-02-07 14:40:03 UTC","Vitalisers"
"1273085","273e4101-b51f-4f51-b03b-d68f47614f1b","2018-02-07 14:54:56 UTC","Explorers"
"1273457","df8839b8-f334-4f72-b8d4-257de995499d","2018-02-07 16:04:41 UTC","Other"
"1274889","d62011fc-223d-4aa6-9e99-8d0730ee2c6a","2018-02-07 16:45:41 UTC","Other"
"1275061","6fd3becb-1054-4df5-9af8-f666705b8961","2018-02-07 17:44:45 UTC","Explorers"
"1275571","21925746-8bea-46f7-a657-5bda3ba84fce","2018-02-08 13:13:02 UTC","Vitalisers"
"1275856","c39466ee-b624-4500-83b9-65a2f01fc64a","2018-02-07 18:03:38 UTC","Fixers"
"1276164","c1410d78-a264-4336-8291-1a8271a585b7","2018-02-08 16:25:27 UTC","Fixers"
"1277193","3d4cafe4-6cb7-4697-be3e-ca8bb7c862e6","2018-02-08 19:07:10 UTC","Fixers"
"1278708","67bd85b5-326d-4f78-9c76-8163871b531d","2018-02-07 21:29:55 UTC","Explorers"
"1281124","c627d207-655e-480e-847e-32baa14647fb","2018-02-08 05:32:32 UTC","Other"
"1282084","1a446d1e-e016-4225-9be8-d14877baaedc","2018-02-16 16:05:45 UTC","Preparers"
"1283551","c84ed736-7f44-4c1b-980d-1ae2d4e9a32b","2018-02-08 09:32:32 UTC","Advancers"
"1284243","59ab75d2-16b4-44da-9b3c-412e14ca1c8e","2018-02-08 10:31:54 UTC","Vitalisers"
"1284408","71c59fa5-b57c-43d6-a873-4b7fd6eb8879","2018-02-14 09:49:20 UTC","Vitalisers"
"1285503","3e774fea-54ff-48f2-b8fc-a3ab348e66b5","2018-02-15 10:15:39 UTC","Vitalisers"
"1285811","94c2f466-5af6-4464-a402-17c5cd03e498","2018-02-08 13:05:47 UTC","Vitalisers"
"1288801","5f85967a-b452-4d8b-87fb-464b6b5fdf81","2018-02-08 18:03:10 UTC","Fixers"
"1289600","40bcd0e4-1fb2-4e03-96a8-55663f08c1e1","2018-02-08 18:34:34 UTC","Fixers"
"1290305","13273600-8ca1-4f94-84d2-bc373e1ecff3","2018-02-09 18:54:38 UTC","Explorers"
"1290459","09a39753-e762-4222-8c8a-59296b4eeaa3","2018-02-08 21:33:09 UTC","Vitalisers"
"1291271","09d94b62-6004-4e57-b134-0f06772132db","2018-02-08 21:34:32 UTC","Advancers"
"1296317","10ccdcf7-4338-4191-972a-c76ce8471a2e","2018-02-12 22:24:50 UTC","Vitalisers"
"1297448","d3304721-6345-4948-8b67-546e5863192d","2018-02-09 23:39:14 UTC","Other"
"1300043","64b4eb91-fc7c-440a-a1dc-5d32dfabb313","2018-02-09 17:49:56 UTC","Fixers"
"1302815","b64474dc-d9b9-4335-b4c2-9299345c5be8","2018-02-10 00:56:38 UTC","Advancers"
"1303137","07c1942d-e4c4-4025-880a-806e3258bf68","2018-02-20 09:02:11 UTC","Explorers"
"1303717","62538e9e-8ea8-4e14-8533-576d9baaed02","2018-02-10 06:23:37 UTC","Vitalisers"
"1304171","6af88616-f89b-4338-90ed-f97476a3a256","2018-02-11 12:08:30 UTC","Explorers"
"1304693","b10ab9d9-d234-4ce6-93f3-8adba8576d06","2018-02-10 09:24:33 UTC","Flourishers"
"1304804","f97d42d9-544a-42e5-8695-113d961fc9d7","2018-02-27 14:18:02 UTC","Hobbyists"
"1306936","066a8554-48a2-4b8e-ab69-380905d05a00","2018-02-10 15:26:52 UTC","Vitalisers"
"1307498","c5ffd75f-a4f0-485e-823c-5051049b331d","2018-02-13 16:00:54 UTC","Other"
"1307574","8c26c720-a025-429d-ba63-a771c65c78bf","2018-02-10 16:34:09 UTC","Vitalisers"
"1309161","1fedb5bf-58aa-4568-8cb8-ff49adb73952","2018-02-10 20:04:35 UTC","Advancers"
"1309412","1d498df7-a1a7-4189-941b-ffe03851c70e","2018-02-10 20:49:01 UTC","Other"
"1310405","d3e724d1-eab8-4633-988b-9b96484fc37d","2018-02-11 01:23:38 UTC","Explorers"
"1311038","360c5b0a-45d0-49d5-b234-280be7d49275","2018-02-11 02:27:37 UTC","Preparers"
"1311595","bdd6b531-0d39-4006-8e33-009150214880","2018-02-11 17:03:34 UTC","Explorers"
"1312048","8afa6344-f657-4fe0-9676-cffc0309cd35","2018-02-11 07:53:14 UTC","Flourishers"
"1312144","d1f925e7-f19b-4fad-9901-1a3025633f11","2018-02-11 08:16:52 UTC","Advancers"
"1313593","eac24bee-ab51-45e6-bcee-fbb58ced11a6","2018-02-11 13:00:55 UTC","Explorers"
"1313967","bb6daf89-10f5-4600-a76f-32774cc855c3","2018-02-17 09:46:00 UTC","Vitalisers"
"1314113","efb036c1-d9d1-430c-a0d5-47fe9124d121","2018-02-11 13:31:18 UTC","Fixers"
"1314469","b647d3c1-af85-4a40-a95d-e2e74d2fc5df","2018-02-11 14:50:31 UTC","Other"
"1314825","d3f98bbb-bf7a-4200-bf01-dfab99640245","2018-02-12 22:08:56 UTC","Fixers"
"1314914","de9aa923-e91d-4186-be28-9750e148707c","2018-02-11 16:21:29 UTC","Vitalisers"
"1314964","4b1e43e3-9988-446b-bc19-b7e9f7636766","2018-02-11 15:39:29 UTC","Fixers"
"1317746","4dc254b6-1ad5-4e8c-8920-9281a855923f","2018-02-21 16:06:30 UTC","Other"
"1317898","85d31235-fd9d-4152-9b52-ecb70dbba7ad","2018-02-11 22:35:34 UTC","Fixers"
"1318703","d86df9c7-0600-404f-b18b-87ff776ecdd6","2018-02-12 00:11:24 UTC","Explorers"
"1322849","ce991d5f-c9d3-45b7-ba3d-9a2e92744a7f","2018-02-14 06:15:47 UTC","Flourishers"
"1323057","27d58b8c-c273-4f05-b383-4d87c84bf35b","2018-02-13 13:00:00 UTC","Vitalisers"
"1323088","52badd9f-753b-487d-bd79-a47534b5acea","2018-02-12 12:20:00 UTC","Explorers"
"1323365","644fefc4-0553-46e7-843c-5e06c2ce3b37","2018-02-16 18:52:59 UTC","Vitalisers"
"1324003","647345c8-94b2-4a92-9389-27118f4d714f","2018-02-13 16:22:05 UTC","Vitalisers"
"1327808","ac0e116d-8a8d-4cf7-89e1-d953950c52f8","2018-02-13 18:29:49 UTC","Advancers"
"1327863","d63bea41-f760-4ad0-a1cd-564eb98ebf62","2018-03-25 07:34:41 UTC","Vitalisers"
"1328288","373486d0-b7dc-407d-921e-55ee72debc95","2018-02-12 21:47:39 UTC","Flourishers"
"1331347","1c21440a-5af0-4cb3-82b3-0694ad380d9b","2018-02-13 08:45:45 UTC","Advancers"
"1334688","8dd05f79-636c-4c01-ba0d-cfb575b943da","2018-02-14 11:49:06 UTC","Vitalisers"
"1335811","11715730-6ebd-4c6e-a43c-8f7a937db5ef","2018-02-13 16:28:24 UTC","Hobbyists"
"1338014","833c87cc-12ef-4bd9-bbdc-acf9550061e9","2018-02-13 18:56:56 UTC","Hobbyists"
"1338267","eca1f42e-d441-4453-963a-edf3eaf02531","2018-02-20 11:13:23 UTC","Fixers"
"1338276","432cb230-3350-4f9b-9b56-7e47760d94ea","2018-02-19 22:34:25 UTC","Fixers"
"1338934","b6b7356f-8b7e-4464-afa2-16a3436a8ac4","2018-02-20 13:17:13 UTC","Other"
"1341502","c75e1c86-742e-4379-b63c-3d0c2925bbe5","2018-02-13 21:31:29 UTC","Advancers"
"1346344","415d09d1-d329-4a8f-9bf8-38f6cb0fd9ee","2018-02-14 07:31:23 UTC","Preparers"
"1347323","40923d6f-8c34-4272-bccb-b8cb9565fd62","2018-02-14 12:58:25 UTC","Preparers"
"1348862","f65fe72f-1f0d-47d8-b23d-1fd7ada3cb6e","2018-02-15 19:50:54 UTC","Flourishers"
"1348922","03c30fa3-e68c-4a63-a49a-3cb9a6456a8d","2018-02-14 16:34:39 UTC","Advancers"
"1349520","5c15bc98-da33-4535-a57a-8f21bd627288","2018-02-14 12:05:40 UTC","Hobbyists"
"1351061","b48bde44-578f-4961-9506-b558364fe986","2018-02-16 04:24:50 UTC","Explorers"
"1351269","b88cfd31-e90a-4316-8f28-a9d9fd59ff24","2018-02-14 14:21:12 UTC","Advancers"
"1353212","787e8035-0d79-4100-84ae-7dec50e1d023","2018-02-14 16:53:16 UTC","Advancers"
"1354342","7c74279d-247c-45de-82c1-a00a44b6a1f9","2018-02-14 19:01:27 UTC","Explorers"
"1360689","e7568c38-562e-46ec-afba-ab90576f1835","2018-02-15 12:18:47 UTC","Explorers"
"1361897","78d74bf4-49c9-43b6-9f12-5a627c528778","2018-02-26 13:32:08 UTC","Other"
"1363721","7df9ae9e-3982-491d-a192-27d1266b5be6","2018-02-15 20:53:44 UTC","Fixers"
"1367406","83eeb18b-1b48-4e6b-9d23-6e8f730d2e09","2018-02-16 02:44:45 UTC","Flourishers"
"1367555","32e0bdb2-5677-4219-9037-aa927a6da0b2","2018-02-16 04:35:39 UTC","Explorers"
"1368747","ea749e19-1d49-43f0-8f96-2a1cbd19cedd","2018-02-16 08:56:11 UTC","Flourishers"
"1370786","fa11cda3-d2cb-44f1-b3ed-e6f52c00bac7","2018-02-20 09:27:43 UTC","Fixers"
"1373783","06a16810-d589-44f5-8ca2-65057492aa84","2018-02-27 07:17:53 UTC","Fixers"
"1375228","23650fb6-76da-4773-99fc-d15c96e25fd4","2018-02-16 21:26:04 UTC","Vitalisers"
"1376471","2b6fcdc3-0774-4cc9-90cf-46c76fa259e8","2018-02-17 01:54:58 UTC","Vitalisers"
"1379478","e47461db-a041-4234-81a7-00f9c32fc2c3","2018-02-17 13:43:50 UTC","Preparers"
"1390462","181ed976-22cc-4db8-a3c9-51c18df54256","2018-02-18 22:15:59 UTC","Hobbyists"
"1391399","e6d19e8b-01a8-41a6-a3a2-9e19cefecba7","2018-02-19 02:04:33 UTC","Advancers"
"1394135","44bb0763-77f3-4a61-ba66-ebd1ae4f02dc","2018-02-19 10:26:06 UTC","Explorers"
"1394435","f6f09a9c-697a-4d1e-839c-14a6f0893050","2018-02-19 10:55:18 UTC","Hobbyists"
"1394652","e1e4d153-372a-4ca1-bd0e-d9a89824fd82","2018-03-07 22:26:04 UTC","Vitalisers"
"1396269","8436407e-ce10-4b13-99e9-a76a1ae22ff6","2018-04-19 13:12:59 UTC","Explorers"
"1396646","cf9f7326-ff26-4da1-b526-c47f9e7ef6a6","2018-02-21 17:03:23 UTC","Advancers"
"1396750","c832294e-c43d-4204-868b-e0a822e35fa3","2018-02-19 14:17:53 UTC","Other"
"1400240","c9377336-ec10-42e4-9d80-1bc478e319ab","2018-02-19 18:48:55 UTC","Explorers"
"1400639","dd054e22-5328-469d-9944-0d11297c4198","2018-02-19 19:31:31 UTC","Preparers"
"1401986","a09dd975-ede7-4a80-8977-83ce15b3eaa5","2018-02-20 06:57:42 UTC","Explorers"
"1408348","4ffddd3e-ec6b-4f24-bf8f-6f54dd212342","2018-03-02 09:35:19 UTC","Vitalisers"
"1420776","924f7ceb-017f-4187-9df9-554d4987cf0e","2018-02-26 06:32:51 UTC","Vitalisers"
"1422013","d8d025fd-0c44-46bb-9cd5-98ea1be65a4e","2018-02-21 07:34:23 UTC","Explorers"
"1423209","f23756e8-f490-4721-85f4-e6f1cae48f9f","2018-03-12 08:48:46 UTC","Advancers"
"1433627","f2d571a5-417b-40f1-add4-1533172d76ff","2018-02-22 00:33:45 UTC","Vitalisers"
"1435661","482bc380-42dd-4b24-9322-b1b43a60b245","2018-02-25 07:40:09 UTC","Vitalisers"
"1436348","464c83bd-006d-4af4-b0d3-80cef6e4f952","2018-03-05 18:43:07 UTC","Explorers"
"1439734","ec2adb32-3566-47bd-b28f-0c8e485179cf","2018-02-22 13:19:37 UTC","Advancers"
"1442010","5ec4fb89-7176-47a6-b321-f6681de42a48","2018-02-23 15:40:20 UTC","Vitalisers"
"1446646","7ef6be8d-443f-4a5f-8052-1b909e402356","2018-02-23 00:34:10 UTC","Other"
"1451991","0f067826-b90a-402e-9b10-f7aeaa4fb7f1","2018-02-23 15:12:34 UTC","Other"
"1452565","7ef46868-b463-4dce-8c32-a8e2fe6c169b","2018-02-23 15:20:41 UTC","Vitalisers"
"1455020","e4e0c7b6-7573-4f55-8f2d-301a5ac2668d","2018-02-23 20:17:07 UTC","Preparers"
"1461720","2fe3f18b-a63c-4149-b7f7-3dd5087cd500","2018-02-26 14:16:23 UTC","Advancers"
"1468866","a5a03d59-2fc9-4b6b-ac06-6b567b4a1906","2018-02-25 20:06:06 UTC","Preparers"
"1469484","0786f424-85e2-4dfe-9de5-6097afa22ba4","2018-02-25 22:56:30 UTC","Explorers"
"1471234","b5bc2769-144c-4c3c-853a-6a82285c2a87","2018-03-01 04:33:12 UTC","Explorers"
"1475211","2ae80d0e-1dd1-430c-8367-6d502e1c54d7","2018-03-01 08:24:20 UTC","Fixers"
"1478331","569e3897-7959-4d3d-a88f-87811e4c7527","2018-03-01 09:06:34 UTC","Advancers"
"1486704","74d19be2-7861-4d58-899d-7956f5b87163","2018-02-27 11:38:19 UTC","Explorers"
"1487837","23f943ca-f9ef-4d03-83e9-568728eb5944","2018-02-27 13:37:54 UTC","Advancers"
"1494239","eb7a1246-f12e-4082-8773-87f4bf47f964","2018-02-28 00:17:18 UTC","Advancers"
"1498960","e596f099-13a3-408e-beff-324c6f9ee348","2018-02-28 11:02:17 UTC","Explorers"
"1500360","e1d03662-25d5-4ed3-9506-033cb7172e25","2018-03-01 19:57:13 UTC","Hobbyists"
"1508226","665a6806-5ff2-4978-b943-d664bbe1c591","2018-03-02 05:43:15 UTC","Advancers"
"1508383","7f2be6b6-21be-4433-aa73-b202e99e0f09","2018-03-05 13:55:18 UTC","Other"
"1512251","e711013a-0cad-463f-822e-7b1ea2b622b4","2018-03-01 05:48:04 UTC","Explorers"
"1524367","0208f5fa-c4a3-4b2b-a42d-e2e6e7c30cd7","2018-03-02 08:21:45 UTC","Hobbyists"
"1527392","92b6f202-10cc-4043-98d5-a3b5ae45dd9e","2018-03-21 03:29:26 UTC","Hobbyists"
"1532256","6583adea-cafd-4adb-8de8-f50ccd455048","2018-03-03 16:13:40 UTC","Fixers"
"1536151","40d171af-8203-4ec9-b0e9-5352c14c0795","2018-03-03 09:29:24 UTC","Explorers"
"1540164","754cbccb-6f3a-4016-afc3-db8ac3c487ac","2018-03-03 21:41:05 UTC","Preparers"
"1544727","61ea3a2e-2c72-414c-a07a-a1a536ebf84a","2018-03-07 07:46:09 UTC","Advancers"
"1553309","9d0c39dd-0c3c-4919-94db-0f4ac05acc0c","2018-03-05 15:39:25 UTC","Fixers"
"1568821","a78473cd-8e1c-4cce-82a1-799e024dbce8","2018-03-08 06:47:06 UTC","Hobbyists"
"1573229","8cfd4dc0-cf46-4cb8-bdd6-f677669c813a","2018-03-07 02:56:57 UTC","Fixers"
"1591793","cc99af4e-6456-4980-bb0f-690ed19cefa7","2018-03-15 10:04:13 UTC","Explorers"
"1595620","3f0a732b-3e6c-45be-89dc-d2fcb8dc4b53","2018-03-14 12:15:53 UTC","Explorers"
"1596640","61e61285-6d06-430c-9ab5-f52f077cfa5e","2018-03-09 03:29:52 UTC","Vitalisers"
"1600267","e78a0256-f86c-4ca6-a367-7d0765ef28a4","2018-03-22 09:47:00 UTC","Vitalisers"
"1603290","82370719-a390-45f9-a3b9-449bc41836ce","2018-04-03 07:48:58 UTC","Explorers"
"1604194","edbdabee-676e-4ae6-bc38-a6ad4d7aa01b","2018-03-09 22:59:14 UTC","Explorers"
"1609149","38329f6f-807c-4020-bc75-11ad75896266","2018-03-10 16:00:50 UTC","Fixers"
"1614659","7cac56fb-314d-4e45-9e63-defdce92eae0","2018-03-11 13:15:56 UTC","Vitalisers"
"1616763","6d8c24cc-7306-4eed-aeb6-bf63846b9f3e","2018-03-12 16:00:56 UTC","Explorers"
"1622831","bc727b19-8b85-419a-8730-4accc75fe631","2018-03-12 11:54:28 UTC","Advancers"
"1633935","c9dd91ee-b71e-4739-a573-13bb5284efc0","2018-03-13 13:15:22 UTC","Explorers"
"1663137","68fde0c6-c3ec-4b6d-ab5f-80a6d558bc1f","2018-03-16 11:12:50 UTC","Hobbyists"
"1665592","3d265568-135c-4c2c-8db1-cfbaf6013ccf","2018-03-16 15:32:12 UTC","Fixers"
"1667336","d8c3af15-91b0-41f9-8cc8-a0ba9f19a76a","2018-03-16 20:21:01 UTC","Advancers"
"1680920","39849f1b-5809-4d20-ad50-84acf6771bf7","2018-03-19 19:44:21 UTC","Hobbyists"
"1690968","6946028c-1d8c-429e-a4fa-06fad8d52bab","2018-03-21 11:39:27 UTC","Fixers"
"1696068","7478aef1-96bf-4d87-9da4-2dbdfa2bf78b","2018-03-20 10:01:35 UTC","Hobbyists"
"1704290","ecfeec7d-b5a6-4218-8980-42db547d466b","2018-03-20 22:11:12 UTC","Vitalisers"
"1722949","3fca96ee-5f75-408d-9612-4882d22fae46","2018-03-22 18:23:20 UTC","Other"
"1731293","4ce8e36c-ea91-429d-809e-b694f3435cc7","2018-03-23 00:46:33 UTC","Vitalisers"
"1746122","fba59b65-56d1-4528-b74e-f0a0c8a1eb23","2018-03-24 18:26:27 UTC","Explorers"
"1748343","86b453b5-a205-453a-980a-38f1fd37fbc5","2018-04-01 14:55:54 UTC","Advancers"
"1758729","6cc93938-2e2b-450b-8e0b-e3b538656741","2018-03-26 19:06:55 UTC","Other"
"1760168","f88b4ff1-36cc-420b-82bc-e92c6cf746ac","2018-04-09 10:28:55 UTC","Preparers"
"1789426","5706166e-84ab-4e8e-b45c-b801bd86f9f7","2018-03-30 09:35:53 UTC","Hobbyists"
"1793341","eeab1dc2-185c-4dba-8a99-457a9869171e","2018-03-29 05:17:45 UTC","Other"
"1805055","2ca6138d-5eff-48d6-a755-c21dd2387c29","2018-03-31 01:31:01 UTC","Explorers"
"1810332","dc0f8038-2740-4189-a58e-d48eeb73ea76","2018-04-01 04:45:28 UTC","Advancers"
"1811224","3c0f04cc-0411-4629-826c-7f9ffb1dc17d","2018-04-01 10:03:26 UTC","Fixers"
"1831294","54323703-027b-4272-a380-8023ac220e53","2018-04-03 14:24:26 UTC","Hobbyists"
"1846080","29cb6c52-44ef-4ff0-b67d-d8fc97162ae8","2018-04-04 20:00:47 UTC","Vitalisers"
"1852087","cc88bcc4-cfdb-46c7-8d04-97267b371c53","2018-04-05 15:55:15 UTC","Other"
"1858643","c8f02349-3166-4883-9286-4a8ac933264d","2018-04-06 18:17:51 UTC","Fixers"
"1880534","2d7e0b90-0ca3-48c9-a8e2-7ec870f04337","2018-04-09 20:18:52 UTC","Fixers"
"1880823","a4d27ac3-ebdf-42c6-b1f2-50731d71f1e6","2018-04-13 18:38:44 UTC","Fixers"
"1882371","435fefd4-29ee-4707-ba5a-f74f12130f19","2018-06-13 03:45:39 UTC","Fixers"
"1889048","e0583ed1-f581-4eee-8f0a-016f5ec4d67c","2018-04-11 07:56:03 UTC","Other"
"1891541","1e524488-26de-4101-8545-bf082a777671","2018-04-09 21:10:03 UTC","Vitalisers"
"1893275","fc78d726-ec17-4c40-bc84-f5abf87a7991","2018-04-10 00:06:15 UTC","Hobbyists"
"1897141","9279e966-1cf4-4541-a0c7-4aff893aad96","2018-06-05 08:40:55 UTC","Vitalisers"
"1921139","173a6cb6-0d38-44e2-98ff-d2c6eb6e0ea1","2018-04-12 21:55:03 UTC","Fixers"
"1922814","267be897-db6f-4748-b183-326f54ad6677","2018-05-01 17:51:12 UTC","Hobbyists"
"1924440","b8626e97-95c7-4a52-98b3-1562ca16e514","2018-04-17 14:25:06 UTC","Hobbyists"
"1932824","7c7a6065-e5b5-4623-94f2-34e43ac7ab36","2018-06-18 16:40:20 UTC","Vitalisers"
"1949883","625cc864-ca95-4ebd-80e9-3ca66977a980","2018-04-16 15:07:30 UTC","Flourishers"
"1954751","a46f7bec-516a-4a3b-b1c3-8e0d955dc4ad","2018-04-16 19:19:09 UTC","Explorers"
"1984310","bce1c7d5-8ef9-4bbc-8592-88c1d1da8137","2018-04-21 12:04:36 UTC","Other"
"1994520","5701e5de-a2b1-48bc-a711-74b3f57c33c0","2018-04-20 23:33:46 UTC","Advancers"
"1998498","abf4e546-b44e-4e16-920f-e7c305062d00","2018-04-21 18:35:36 UTC","Vitalisers"
"2004176","6cfaa598-e213-4bef-8f6e-457e72fa0265","2018-04-29 20:18:13 UTC","Fixers"
"2015992","30cb04e6-d4d9-4ae8-ae04-9d1a0673cca3","2018-04-23 18:32:54 UTC","Vitalisers"
"2042808","0c8dcb20-1d3f-4689-8bba-9fc2fb1351f2","2018-04-27 10:17:31 UTC","Hobbyists"
"2043496","e826e8c8-1110-4acc-9de0-4e6f831f5b9f","2018-06-25 11:14:52 UTC","Hobbyists"
"2045706","ea23bf2e-aba1-4df7-883a-00295116fb7c","2018-05-10 17:55:25 UTC","Hobbyists"
"2046048","f7a969ae-9d40-400b-a2c5-f41625546caf","2018-04-26 19:53:27 UTC","Preparers"
"2047781","ff438887-5360-4bc0-b8ae-21d0c93f754f","2018-05-19 17:07:19 UTC","Flourishers"
"2053897","4fc84df4-52df-4ce6-86e4-0946d869633d","2018-04-27 22:21:26 UTC","Advancers"
"2056628","7deb1909-c451-4f34-b918-65267c67dc9f","2018-05-03 21:34:59 UTC","Hobbyists"
"2062176","9d698290-2002-4aac-bc80-c2ccc4cadd1e","2018-04-29 12:06:51 UTC","Preparers"
"2097599","ae0c8c0d-847a-44e3-a142-9802576e5a4d","2018-05-16 06:27:39 UTC","Advancers"
"2112045","497f900b-a3d5-4164-9e39-823755f774e6","2018-05-07 10:38:54 UTC","Explorers"
"2115629","fa422437-8043-4f90-8410-c8c876358852","2018-05-04 13:52:05 UTC","Hobbyists"
"2123911","84656ff4-a961-4d1e-ab43-a60a23321dfb","2018-05-05 18:13:34 UTC","Hobbyists"
"2129891","54dd189b-3f59-44a2-b10a-3b7f9df04722","2018-05-06 21:10:37 UTC","Explorers"
"2143224","af32d9be-d8a9-45bb-b1ff-79117c23ecd8","2018-05-08 16:36:42 UTC","Explorers"
"2145960","e191a4db-fe92-410b-898f-c4a7b2479312","2018-05-09 19:23:10 UTC","Explorers"
"2149895","5fe998a4-d6fa-4aa2-b88e-fc77dd98ab2c","2018-05-09 20:58:04 UTC","Advancers"
"2154265","3d5a0ecb-205c-45cc-9df9-d609b9060b3a","2018-05-14 14:01:36 UTC","Explorers"
"2158668","5a7a8b05-d830-4313-9580-210f3c5379fb","2018-05-10 15:56:28 UTC","Vitalisers"
"2159349","9e1d9ece-0507-48b6-9f61-f78b2602d324","2018-05-10 18:24:27 UTC","Vitalisers"
"2163160","14523a95-2d21-429a-8f88-edbdb5ec3a2a","2018-05-11 09:45:16 UTC","Fixers"
"2163341","de6b8af6-8feb-429d-893d-7066f4af0263","2018-05-11 09:44:57 UTC","Explorers"
"2176625","a424e730-b288-44b8-a37a-dc3271f86c23","2018-05-13 18:03:50 UTC","Vitalisers"
"2183124","4a391180-19af-4e2a-91a7-3cfbd5a3a1c0","2018-05-14 15:00:17 UTC","Explorers"
"2184733","339f35cc-7725-4321-b71d-dc3ebc3ffce7","2018-05-14 18:41:02 UTC","Explorers"
"2187222","daf62382-7173-432d-a792-3075826388ca","2018-05-15 05:25:49 UTC","Explorers"
"2190537","c74340b5-0a76-4471-b982-53f72dff124d","2018-06-18 18:13:25 UTC","Other"
"2200084","087c0137-9db6-4cac-9dbd-0002c331bd04","2018-07-07 19:47:42 UTC","Hobbyists"
"2202990","5a52047b-e4ec-4135-91ed-4235bd8afce7","2018-05-17 12:51:38 UTC","Hobbyists"
"2203165","75ba2d07-bfc5-4049-b622-7ab91b6d5baa","2018-05-17 13:22:57 UTC","Other"
"2222423","81f97611-f956-4620-942e-a8f3f9780e92","2018-05-21 04:37:08 UTC","Explorers"
"2243654","7b52c4b1-5396-430d-b7f1-b60e917626d0","2018-05-22 20:43:42 UTC","Advancers"
"2245801","a084eb73-b743-4c72-ba0a-7944dfd43789","2018-06-20 09:52:22 UTC","Fixers"
"2259725","119736ae-e3d3-4bcf-8d76-58d478e3851f","2018-05-24 22:27:44 UTC","Explorers"
"2294615","eb5b79fb-cac9-423c-99e1-6f003971c23f","2018-05-28 15:12:26 UTC","Preparers"
"2295936","7ab4c387-a711-422e-80ec-cfe942c45868","2018-05-28 18:05:37 UTC","Other"
"2303779","d28d0f2e-df30-4eb1-b8c2-93f56ef4b4c4","2018-05-29 15:50:52 UTC","Explorers"
"2312710","6fa17b3d-91d5-4b61-a573-b285b8ba1a07","2018-05-30 14:36:51 UTC","Vitalisers"
"2317506","c79c858c-eeb0-45f1-b75f-3d54fffd5443","2018-05-30 19:26:28 UTC","Vitalisers"
"2322259","e6539db9-21c6-4d42-a566-c151bb96db1e","2018-05-31 05:23:03 UTC","Fixers"
"2322283","813502ad-6889-40a1-8359-5e7fe7e9c502","2018-05-31 05:25:07 UTC","Other"
"2326809","f924f860-433b-44e5-a805-98a48bd63a39","2018-06-11 17:42:13 UTC","Preparers"
"2334159","657d1e39-0d59-4eb7-b286-db139bfd02b7","2018-06-04 02:08:11 UTC","Explorers"
"2340869","63a548a0-0123-4246-911f-124567095678","2018-06-02 13:02:00 UTC","Other"
"2346130","0fbf1084-1af4-429d-bcc7-7287f71d2c69","2018-06-20 14:33:47 UTC","Fixers"
"2350918","c6da11ca-7122-4c90-985f-cae8659a7051","2018-06-03 19:21:01 UTC","Other"
"2362547","61d8ea43-a700-4c5d-bda5-6aaaea121dca","2018-06-04 18:45:37 UTC","Hobbyists"
"2367247","daef9caf-838e-4e95-b8a0-cfb98f63c5f1","2018-06-05 03:54:31 UTC","Other"
"2375291","75073913-884b-41a2-aae1-b1457ac95b90","2018-06-07 07:31:20 UTC","Vitalisers"
"2380658","daea8488-f009-46c4-8a89-0ee7c84003c6","2018-06-06 10:46:16 UTC","Advancers"
"2381662","600cd7de-e7d2-48bd-880d-265ced1562b4","2018-06-09 19:09:14 UTC","Fixers"
"2388803","9697f1ad-d45e-4d80-a4fd-2be4144e4a6c","2018-06-07 08:30:17 UTC","Other"
"2391860","ea790b0c-deb0-49a5-b5aa-a872227d6c65","2018-06-07 14:54:44 UTC","Explorers"
"2391871","97cca3c1-0c70-46be-9056-f3650af0adbb","2018-06-09 15:06:15 UTC","Vitalisers"
"2395833","aed1e25b-a5fc-4ca7-805b-9c718a9ceb14","2018-06-08 01:41:07 UTC","Hobbyists"
"2404890","838f901a-1ee6-4dab-990d-f26e5a8033d9","2018-06-13 12:26:37 UTC","Flourishers"
"2416943","2e4ed8e1-1e1f-45a1-b0f3-23c312881288","2018-06-11 09:11:55 UTC","Vitalisers"
"2416962","126e9422-ab20-41f6-9dca-935de30266e8","2018-06-11 08:27:09 UTC","Explorers"
"2419717","e1a77ce1-009b-440c-af34-7f81c6aa3082","2018-06-18 07:15:36 UTC","Vitalisers"
"2427097","866d70f8-f248-4180-952b-6267586e8d09","2018-06-13 17:09:34 UTC","Vitalisers"
"2430243","0fa26e3d-e7ed-4969-8203-5b920e2f0123","2018-06-12 06:43:08 UTC","Vitalisers"
"2434054","abdd5dc9-781c-4d2f-939a-fa2ef5f7dfa6","2018-06-22 16:56:34 UTC","Fixers"
"2438399","69ed358d-c5e5-4f44-a2bf-891ce22b90de","2018-06-15 16:32:29 UTC","Advancers"
"2439894","cb54dcf6-fa5f-4db4-a7d5-4a0d2955a2a7","2018-06-13 06:16:50 UTC","Other"
"2441251","d8f0fc46-3a3e-4583-a471-8d8cb0905b7e","2018-06-15 05:35:43 UTC","Flourishers"
"2442500","65bb4ef9-7245-4381-ba4a-4fa6442161a7","2018-06-13 08:54:00 UTC","Other"
"2444078","60e13c47-3a39-41af-a17b-3417bcb2ae5b","2018-06-13 12:10:07 UTC","Vitalisers"
"2449932","a13c98ed-5517-4f62-9fa1-8c6ac53f86e2","2018-06-16 15:05:29 UTC","Vitalisers"
"2450278","5ea3014d-3a36-4ebe-a5b2-a4ffd2bc46d5","2018-06-14 04:17:22 UTC","Vitalisers"
"2452190","e4b6b8a7-06b2-4548-a621-d18deb954adb","2018-06-14 10:02:08 UTC","Other"
"2454028","3c8e95df-677d-43d7-bebc-d5c68402662c","2018-06-14 13:49:43 UTC","Preparers"
"2458512","ab30f54f-66e8-447b-a33e-495946bf9864","2018-07-03 19:17:56 UTC","Vitalisers"
"2459243","ec0e1c40-3bd8-41e5-a5e5-ac8c6267fc5a","2018-06-25 03:26:12 UTC","Advancers"
"2460224","69ff5938-33b0-4abd-9c4d-919befc861c7","2018-06-17 10:54:32 UTC","Explorers"
"2461432","d1fe812b-d735-436e-a75f-0b2317997e0a","2018-06-17 18:28:32 UTC","Advancers"
"2461860","44276038-5a80-4425-be3d-1f0f3dd55178","2018-06-15 13:55:58 UTC","Fixers"
"2462731","c75cf0ef-a8bc-431d-96c5-a9c39e519b22","2018-06-17 19:54:28 UTC","Explorers"
"2464125","e65acc14-b6ad-4b1a-b0c6-02875aa58d86","2018-06-15 20:36:55 UTC","Vitalisers"
"2468706","5383fa52-670a-4e2c-a38f-834323da6dd9","2018-06-16 21:53:17 UTC","Hobbyists"
"2468811","19e63148-2366-438f-9a39-24d74dd242e9","2018-06-16 16:29:59 UTC","Vitalisers"
"2469193","67bc3b2a-44b0-4907-abb6-894809f68920","2018-06-16 17:59:39 UTC","Explorers"
"2472114","1dcd8d49-f312-4ee4-a064-d86855ab7e6c","2018-06-29 17:44:34 UTC","Explorers"
"2472383","dde77765-b406-4899-a73f-c6434eed4d1c","2018-06-17 09:45:59 UTC","Explorers"
"2472869","c6636efc-4762-4d74-aff7-302775b3490a","2018-06-22 05:06:08 UTC","Advancers"
"2475424","9fc0a804-c9bf-4634-ac20-62a1d5cafa33","2018-06-17 19:15:42 UTC","Vitalisers"
"2476783","a8e1927b-e988-49b0-af89-a5851ce24c75","2018-06-17 22:59:25 UTC","Vitalisers"
"2479696","c3edde6b-6767-41d4-bcd7-c378801eefde","2018-06-18 08:55:50 UTC","Fixers"
"2487544","cafbde8c-705e-400e-ba39-d2cc13e67c3f","2018-06-19 21:58:07 UTC","Vitalisers"
"2495036","d12289b7-1a07-4481-876c-301b81e6c463","2018-06-21 13:23:07 UTC","Other"
"2497599","623433fb-9970-48cd-afd3-3116dd56e4aa","2018-06-27 10:06:38 UTC","Other"
"2500194","cd0dd17d-8fe6-47f0-8581-8c0b12481618","2018-06-20 18:59:42 UTC","Advancers"
"2506916","64cb69bc-33c3-42b1-afc1-641a49b37398","2018-06-28 12:30:45 UTC","Advancers"
"2507107","707e59d6-d5be-4b9e-9fb4-f4fb69e878f5","2018-06-26 14:55:45 UTC","Explorers"
"2509379","1a8719e6-cbb6-41e4-801c-b7d3a8e3238a","2018-06-20 21:31:37 UTC","Explorers"
"2509462","85d42422-ff76-46b9-9871-bd3769d2a039","2018-06-20 22:49:32 UTC","Vitalisers"
"2513792","573c2871-c9cd-4059-9d87-a41f4f222703","2018-06-21 13:03:29 UTC","Advancers"
"2514143","895026d2-00ce-4050-bf5f-cc2aeb096158","2018-06-21 12:28:18 UTC","Vitalisers"
"2517796","b789c66d-72f7-4b1a-9fa1-0b8951a04337","2018-06-21 20:24:11 UTC","Fixers"
"2520256","ebec0c22-3bfb-406e-8943-4554604490e9","2018-06-22 01:31:07 UTC","Advancers"
"2525193","a531164f-fb0e-4588-8c4f-c4273807d3fb","2018-06-22 15:20:23 UTC","Other"
"2527969","8a3386e2-444a-4cc5-b758-6255bc68a59b","2018-06-23 21:09:39 UTC","Fixers"
"2529767","fd110783-ceba-451b-882c-04749c0fabef","2018-06-25 11:54:02 UTC","Other"
"2535617","f2a04458-052c-4d6d-a0f2-ad66c7755ac8","2018-06-24 08:30:13 UTC","Explorers"
"2541943","be87ae04-d157-46a1-911e-7f3b24d8fef1","2018-06-25 08:05:32 UTC","Explorers"
"2555583","2b1bff2a-4fe7-40f4-9cfc-f635e169b506","2018-06-26 05:47:04 UTC","Hobbyists"
"2561561","e5912076-d992-4f5e-8576-c687469ae0b0","2018-06-26 15:45:06 UTC","Hobbyists"
"2565770","fddb3ef7-1007-491f-bf40-1a81464a47fa","2018-06-27 05:38:40 UTC","Vitalisers"
"2574150","fc6d1daa-e39f-4a14-a9ba-181b5ae0fa96","2018-06-28 07:35:37 UTC","Advancers"
"2580950","5ab310ab-6fc4-4a8f-9adb-23a6b285bb85","2018-06-29 06:40:32 UTC","Vitalisers"
"2583079","41929d74-ba70-4d63-8fed-ba99064b03e0","2018-07-03 17:11:24 UTC","Fixers"
"2590876","da5a5eac-2100-4a2f-badb-96432518b42a","2018-06-30 19:13:25 UTC","Vitalisers"
"2605904","77fa8e75-713c-46c2-9a02-6c4b3159985d","2018-07-02 18:56:22 UTC","Other"
"2631222","9d17ae18-3771-4a00-8687-2cf499d84b1c","2018-07-05 15:57:54 UTC","Preparers"
"2639228","fed901c1-fb2a-4b5a-b80f-c4078b67c823","2018-07-07 00:38:13 UTC","Advancers"
"2641102","a57cecec-b2b6-4d3b-8443-b1abe964011b","2018-07-08 15:29:41 UTC","Vitalisers"
"2653030","c9bbf74e-438e-4023-8aac-9215c5d64c7d","2018-07-23 16:02:59 UTC","Explorers"
"2665002","9993f68f-ba4b-4c0b-b472-dcbcc2ccdafa","2018-07-10 09:50:19 UTC","Vitalisers"
"2680298","adbf6037-12db-41bf-afbd-3782d7905efd","2018-07-12 10:00:09 UTC","Vitalisers"
"2691977","0729f50b-6651-4b09-9075-6db5800e5e3b","2018-07-13 23:54:07 UTC","Preparers"
"2703209","34c48d7b-0ab8-4fd9-be50-710af07ca141","2018-07-17 08:46:56 UTC","Preparers"
"2716859","c7975bb0-2b62-4e2e-8d27-a80bf36469c4","2018-07-18 08:30:47 UTC","Advancers"
"2738502","e40d1d51-cad2-45cb-a3f8-b1c540a33e9c","2018-07-22 05:52:37 UTC","Fixers"
"2739300","fab0c594-cf2b-4c74-b04b-9515a318b60b","2018-07-22 00:12:24 UTC","Preparers"
"2744512","3fde1744-bfd7-47bd-85cd-4b489b5ec5a0","2018-07-23 02:18:09 UTC","Explorers"
"2748743","ccf79ff8-7a05-4196-b7f0-be557fbf75fb","2018-07-24 01:24:35 UTC","Advancers"
"2750052","fd7bfc0f-b5fe-4c10-8e6d-681a2822a860","2018-07-23 15:30:21 UTC","Vitalisers"
"2750469","79de7675-bf25-4509-8e6b-c338df4559a2","2018-07-23 15:54:08 UTC","Preparers"
"2752018","7ca0f404-3a9e-46e4-853c-b1fd0ba7b8e2","2018-07-25 17:32:50 UTC","Fixers"
"2754017","dd68738c-f2aa-47a2-96df-65c7113280d6","2018-07-23 19:22:51 UTC","Preparers"
"2760600","1fec7a61-e5bc-4a01-9dc1-8facd8899a8a","2018-07-24 07:58:22 UTC","Explorers"
"2762350","0271716d-4451-4fd9-9389-e31a4efa5986","2018-07-24 10:49:08 UTC","Hobbyists"
"2764675","81783036-851c-4cbd-b89e-22991dc2e412","2018-07-24 15:54:53 UTC","Hobbyists"
"2765248","7d0441cd-ad0b-43a4-a512-21cb56d4c226","2018-07-24 15:55:27 UTC","Hobbyists"
"2769400","14005435-0a63-4d5e-b883-5232ce17216a","2018-07-25 05:59:28 UTC","Flourishers"
"2773126","41a2cd66-281b-4bdd-b06f-aaf882faa305","2018-07-25 15:34:33 UTC","Advancers"
"2773476","767548e4-b00c-456f-b0eb-bb7890f0bb75","2018-07-25 16:31:35 UTC","Advancers"
"2776786","4932f60d-17e1-403b-a888-15808c7d740c","2018-08-14 02:41:22 UTC","Explorers"
"2777679","49783697-1846-464b-ade8-2845c2ddefbb","2018-07-26 11:45:32 UTC","Explorers"
"2786431","3eb16c07-3af5-48f2-9c02-3d132ec05c0d","2018-07-30 10:20:01 UTC","Vitalisers"
"2794521","32ac2634-02ec-4a27-87ae-4509b9592324","2018-07-27 21:20:57 UTC","Hobbyists"
"2794834","95e94a45-710b-41a0-a50d-f643e082df22","2018-08-22 04:55:10 UTC","Explorers"
"2806967","38ac8e98-0fdd-4c1f-b6d4-40257a053f90","2018-07-29 10:47:41 UTC","Advancers"
"2811326","e80fa888-284b-4eef-99ff-be8b12347c8f","2018-07-30 09:38:17 UTC","Vitalisers"
"2821958","8edc6eb2-fbe3-4909-9ae1-56fb12336e4c","2018-07-30 22:09:30 UTC","Hobbyists"
"2822799","feb8d45c-39e7-4d6f-a812-d437e6c7ba2d","2018-08-19 07:32:32 UTC","Preparers"
"2827601","53e0a3ee-8c56-48d0-a3db-b480800dc11b","2018-07-31 16:06:35 UTC","Advancers"
"2827699","e8d5d654-069a-4f8d-b1a7-33de31efbd3f","2018-08-07 14:10:07 UTC","Vitalisers"
"2836070","b7112acd-4278-41da-8d11-d8fbb204c383","2018-08-06 12:18:11 UTC","Vitalisers"
"2837099","e744f138-8bd2-4e3f-9859-39cefbb96586","2018-08-01 17:42:13 UTC","Vitalisers"
"2842612","06ecbab4-0cd6-4d76-a2b7-9ef9a30f7348","2018-08-02 14:02:02 UTC","Preparers"
"2846412","c2a3394e-77dc-4df5-b9a7-0f385ccf9ec0","2018-08-08 02:01:08 UTC","Advancers"
"2846886","1d0e5a8a-7c0f-479c-813d-55faefba6f84","2018-08-02 22:27:18 UTC","Vitalisers"
"2847210","9ff9f953-3c35-4b8d-ab1a-9ddff37865f5","2018-08-02 23:49:07 UTC","Vitalisers"
"2847334","f63450e7-7502-4f38-8ca5-433c8473537a","2018-08-03 13:34:15 UTC","Advancers"
"2847356","7a8592af-db3f-4dd1-9751-2fe416a409f8","2018-08-03 00:44:21 UTC","Hobbyists"
"2847371","30510a0a-7fe4-4b1e-b06b-07b763427454","2018-08-08 22:08:22 UTC","Explorers"
"2848397","f11392dc-a9cd-43d8-b133-a501ec99b57b","2018-08-03 06:00:44 UTC","Fixers"
"2848722","771844a2-66dc-4628-88e4-918eb5d2beff","2018-08-03 07:02:07 UTC","Explorers"
"2849130","2167af7d-e6c1-4641-958c-fe8b511b9573","2018-08-03 08:44:39 UTC","Fixers"
"2849257","2ac16688-21a9-48d2-b312-60afa3fabf51","2018-08-03 09:39:50 UTC","Preparers"
"2850116","0c73f5b2-096d-4c73-9c4e-678ecb5e7377","2018-08-03 12:57:58 UTC","Advancers"
"2850566","86a1f312-0946-4485-8d87-1e8c87712363","2018-08-03 11:24:33 UTC","Vitalisers"
"2850896","7dac653f-abfe-4e1d-8397-9fb9ffe03758","2018-08-05 09:51:06 UTC","Preparers"
"2851277","9b47eddd-6f07-4c81-a395-36b294ac84b2","2018-08-03 13:03:30 UTC","Hobbyists"
"2852926","442c8d36-994a-41ea-b074-01f4ec361cb8","2018-08-03 16:33:08 UTC","Flourishers"
"2853259","bf958e48-de5f-4fdd-97f6-8dccd41fcd0b","2018-08-03 17:52:15 UTC","Preparers"
"2856174","7a67700f-d1d3-40ed-8c49-0ed3472692c2","2018-08-03 19:14:39 UTC","Vitalisers"
"2856966","ca75a302-88ac-42d4-aae1-81bef1a2a06d","2018-08-03 22:55:59 UTC","Explorers"
"2858323","6e9504a3-1955-4c18-9173-79e478ed3742","2018-08-19 05:24:08 UTC","Vitalisers"
"2859409","bdd9bd6e-ef4b-4436-abad-17c313481532","2018-08-04 03:10:51 UTC","Fixers"
"2859627","ef124fdb-b8e6-494d-9c8f-266ff0a77ffd","2018-08-13 10:13:54 UTC","Vitalisers"
"2862785","0377c50a-49db-4f8e-91d6-97e49e3c7cb2","2018-08-04 12:08:11 UTC","Explorers"
"2863758","17b9c379-8fa3-477a-92d5-52385f5a8aeb","2018-08-04 14:22:08 UTC","Explorers"
"2864597","c9c3606b-b08f-422b-97b5-4e8bbbe15089","2018-08-17 12:35:42 UTC","Advancers"
"2866824","371eaccd-d0f7-4318-b90e-9bbd94e53231","2018-08-04 23:00:28 UTC","Hobbyists"
"2866986","668035b5-a5f4-4707-ad9e-e8185e257c01","2018-08-04 23:29:24 UTC","Hobbyists"
"2887499","347d9946-2d38-4d68-845c-8b40a2a1e4d9","2018-08-13 07:09:35 UTC","Explorers"
"2888105","11a40ab8-27c0-488a-bf31-1a898ccbe743","2018-08-07 06:26:05 UTC","Vitalisers"
"2891519","7cd0e0cd-3618-499d-bb88-bb7596bd4926","2018-08-11 16:32:34 UTC","Vitalisers"
"2893739","7b1cb43f-cad5-43a1-b8f2-60484ab24c46","2018-08-13 13:01:54 UTC","Explorers"
"2898447","8cff0069-362d-4d2b-ad34-cf2588bb2070","2018-08-08 05:49:42 UTC","Explorers"
"2898552","b1701f2f-e287-4c8a-ad87-58163c628358","2018-08-08 10:55:08 UTC","Explorers"
"2917397","bedfc958-ab16-41fe-8337-ebb8a3eaa05a","2018-08-10 11:22:25 UTC","Fixers"
"2921177","9550bee5-b4fd-45d8-bdbe-17cce8574953","2018-08-11 14:48:57 UTC","Vitalisers"
"2921463","439d7f38-5218-4316-a156-20cdf0b7f93a","2018-08-10 23:44:07 UTC","Vitalisers"
"2921473","b4d89625-f6d9-44ef-a4e3-97fd328ad440","2018-08-10 23:46:44 UTC","Fixers"
"2922251","cc6bb642-3b00-4f52-912e-548d77993a61","2018-08-11 06:30:56 UTC","Vitalisers"
"2922735","5fb6ceeb-f0d0-42ca-9387-6d003ea99cda","2018-08-11 09:47:14 UTC","Hobbyists"
"2923950","c1165148-102c-45a2-83a4-f9fb79764f7c","2018-08-12 17:46:38 UTC","Fixers"
"2924095","773733d4-fb3c-4ac1-a838-a3fcf6515dbd","2018-08-11 12:18:48 UTC","Fixers"
"2931765","7682fe37-8003-4347-b37f-938a65be5f3f","2018-08-12 19:44:38 UTC","Vitalisers"
"2564612","732b60fc-d132-4364-b37e-0e3a5c34f346","2018-06-26 23:51:56 UTC","Other"
"2574521","a45deed2-ded4-4979-b3dc-f1519edeba79","2018-06-28 09:03:05 UTC","Fixers"
"2579047","04d122eb-d1b8-4c9a-bf83-3480b9bd9101","2018-06-29 05:53:28 UTC","Vitalisers"
"2603632","05ac5842-ec66-49d0-80df-675e405af34e","2018-08-17 17:03:01 UTC","Fixers"
"2638826","6cfaa598-e213-4bef-8f6e-457e72fa0265","2018-07-23 19:03:20 UTC","Fixers"
"2754856","59ebee5b-63e6-4553-a508-7f860cadc23d","2018-08-08 10:39:12 UTC","Vitalisers"
"2870054","234c453a-fddc-484d-a8cc-73d6671d35e0","2018-08-07 15:00:43 UTC","Advancers"
"2902456","4492e766-e7d7-4609-ab2d-fd27640738e4","2018-09-13 15:43:28 UTC","Advancers"
"2909730","1543915d-ced2-4b92-92f7-18be36c01bd5","2018-09-10 04:17:34 UTC","Preparers"
"2921528","9096a206-9994-476a-a33b-df488588f3db","2018-08-11 00:06:20 UTC","Advancers"
"2935447","d09d77b8-e364-44dd-9cd4-28684d91c8b4","2018-09-10 19:40:05 UTC","Preparers"
"2947827","21a82eec-e56b-4f10-a704-96e800dbf351","2018-08-15 11:03:58 UTC","Vitalisers"
"2948991","8231c397-dfc5-4271-81ad-a5323cc8cc90","2018-08-14 17:30:38 UTC","Explorers"
"2949711","e3893248-0c09-4b03-97e5-c20113a387f4","2018-09-19 18:46:56 UTC","Flourishers"
"2950380","71af1fff-e88f-4fbe-8f85-01eb5d476f86","2018-08-27 15:38:01 UTC","Preparers"
"2957417","325c1254-e182-4b46-931f-28e82c7b8c38","2018-08-15 16:32:58 UTC","Explorers"
"2966582","29cbbe81-71b0-4f9e-8ed9-2076365d475f","2018-08-16 21:29:11 UTC","Vitalisers"
"2967526","e5d2a674-b00f-4c51-b5bc-32a772f3c5ed","2018-08-17 02:33:30 UTC","Vitalisers"
"2969582","2a196b5a-bfdf-4a22-b7af-a7e1da577c70","2018-08-17 11:50:30 UTC","Vitalisers"
"2975681","73b82dff-8a81-4c1f-a8d0-a52b49a02c0d","2018-08-18 09:30:52 UTC","Fixers"
"2975864","162b409b-2b81-4360-9e73-f54c24c6dfaf","2018-08-18 10:05:34 UTC","Explorers"
"2978014","b41276b3-e4c1-4c50-8f35-31996ba2c08d","2018-08-26 14:39:19 UTC","Explorers"
"2981813","1c2c956f-9071-4751-ab41-d304869e8645","2018-08-19 10:51:10 UTC","Fixers"
"2982437","252cab6e-a138-47a8-b3ff-84bc59400fae","2018-08-19 12:42:15 UTC","Explorers"
"2985675","e80ceba9-515f-4e72-93a5-5547b0fc1549","2018-10-14 12:56:16 UTC","Hobbyists"
"2988216","bb5fa5b2-6306-41de-b84a-00910ebe94c9","2018-09-07 12:10:00 UTC","Preparers"
"3005226","437db365-4fb0-4aeb-ac65-33e588df2eeb","2018-08-21 20:21:19 UTC","Advancers"
"3005430","d4152ef6-2682-4106-b585-2a2061abfbf8","2018-08-21 20:40:46 UTC","Hobbyists"
"3005481","0ec9a98b-a2df-4684-bb4d-ed0ef04a508b","2018-09-19 21:03:58 UTC","Hobbyists"
"3006377","38714e13-17af-4744-9efe-db67868e80af","2018-08-21 22:23:07 UTC","Vitalisers"
"3010086","dcafb987-3c45-49bd-b79d-55996e7e39e8","2018-08-22 08:52:47 UTC","Explorers"
"3011758","f1a07618-da80-48d4-8b1d-44b678d15f47","2018-09-11 15:29:42 UTC","Advancers"
"3014705","1d0a0f87-dd73-4ccd-9692-10b2eb37e556","2018-09-18 22:14:45 UTC","Flourishers"
"3015342","8df5732d-cdc4-421d-91a7-f10cb90ad09e","2018-08-26 06:45:24 UTC","Hobbyists"
"3019327","3b07e167-5398-4547-a639-b1cf4655d1dc","2018-08-23 08:15:09 UTC","Hobbyists"
"3021465","4ae9bd77-e62a-4a44-864e-53d58c3ed4a4","2018-09-17 11:27:14 UTC","Other"
"3023066","349056c8-5a59-4566-88b0-0b953e11c7a6","2018-08-30 19:30:02 UTC","Explorers"
"3027551","a1084b48-63b7-411f-a6da-94010ef337be","2018-08-24 11:12:21 UTC","Preparers"
"3029594","04d97d34-df04-4f8d-9b3f-abe6a6ad952f","2018-08-24 13:24:08 UTC","Preparers"
"3032813","e1765c0f-1a14-4ecc-bbd4-a2049fe5d7db","2018-08-25 00:00:04 UTC","Preparers"
"3039649","be6dc4af-abcf-4fdf-9bf1-c2d6a1a1070a","2018-08-26 01:10:18 UTC","Fixers"
"3046585","bb86f71d-5411-4a2f-94b5-0d3434200dc6","2018-08-27 00:29:09 UTC","Preparers"
"3051332","abd61055-021c-4d6e-acf7-feec78a9b22f","2018-09-10 20:22:08 UTC","Other"
"3054042","6cc783c0-af39-4032-907e-322d00a87d9e","2018-08-27 20:26:25 UTC","Fixers"
"3056748","6716ff60-2a66-43ad-88c2-999e995f50c2","2018-08-28 09:02:53 UTC","Hobbyists"
"3058721","c261e4c6-7974-4e83-b883-141080f799f2","2018-09-12 13:32:01 UTC","Vitalisers"
"3059198","37e04d52-a594-4ef8-8e50-6ce3220e6b7c","2018-08-29 14:18:46 UTC","Fixers"
"3064342","c1a23ca8-aff7-49c9-8e9f-a8224c8c885f","2018-08-28 19:51:49 UTC","Vitalisers"
"3067319","37b6d1ba-3038-4e9f-8e6c-f80349892e4e","2018-08-28 23:11:47 UTC","Advancers"
"3068493","50a80f40-819f-4a26-bdf3-397e2b9e2abc","2018-08-28 20:56:47 UTC","Advancers"
"3071522","e48c164f-2b21-4774-8b17-81823ef918d6","2018-08-29 02:07:27 UTC","Vitalisers"
"3074705","644a9726-a023-48ca-a83a-62ef3360b3b0","2018-08-29 10:14:12 UTC","Vitalisers"
"3077960","ce7e66b0-7ea3-43c5-84f8-45e3a600d97e","2018-08-29 14:24:10 UTC","Fixers"
"3078220","c66a8b8f-3ff6-4eea-9c29-46eae8641a24","2018-08-29 16:41:11 UTC","Explorers"
"3098211","6f457f61-9db4-4d78-ad7b-2d9eb6539d0a","2018-09-01 03:23:20 UTC","Fixers"
"3108399","6823de16-28cd-4e67-9856-c86f74fd32e5","2018-09-01 22:53:50 UTC","Advancers"
"3115456","7b30d9cd-407f-4b3b-ae6f-37aa06b8abf7","2018-09-02 21:46:53 UTC","Other"
"3116687","3a435eb0-edd8-42a7-98e0-0276af9b4e8e","2018-09-03 03:10:24 UTC","Explorers"
"3121718","36049d27-d646-4575-938a-fa485f250b39","2018-09-03 14:11:48 UTC","Explorers"
"3124884","39b30408-2c34-4f7a-9499-b2c3292a8f05","2018-09-10 18:45:25 UTC","Vitalisers"
"3127489","e2852935-bcc4-406f-8cf0-e8dcdcb05cfd","2018-09-04 05:34:27 UTC","Vitalisers"
"3128513","c56c48bd-fa62-4b32-afa0-bbfe9d70c470","2018-09-04 09:13:05 UTC","Vitalisers"
"3131554","46ca3312-e38b-45cf-a372-27c47e897ac7","2018-09-14 07:38:21 UTC","Hobbyists"
"3139418","28e3a0cb-c6c1-47ce-8e51-d3544d5a110c","2018-10-04 10:45:00 UTC","Vitalisers"
"3140849","4c6f3fde-1613-4c9a-9c45-b3a14457b438","2018-09-05 00:29:14 UTC","Vitalisers"
"3141087","8bd323b8-b922-4b8c-9b34-540ac82d61e0","2018-09-05 01:17:09 UTC","Hobbyists"
"3148411","8f556df6-42dd-4398-bf36-e9a90fcbdb47","2018-09-06 12:42:52 UTC","Advancers"
"3148512","053c5758-8ac3-4ab1-a2aa-aca5e3755b8e","2018-09-05 15:43:49 UTC","Vitalisers"
"3155920","c590ab1c-5177-4e4f-9cd7-d312ef01ea5c","2018-09-17 11:26:48 UTC","Fixers"
"3158186","a8add16b-09b9-47d5-a389-bb9a2a406b02","2018-09-06 15:19:13 UTC","Advancers"
"3158360","38af944e-7cf7-4fff-83b0-fee05ff6ea0f","2018-09-06 16:05:09 UTC","Explorers"
"3158834","1a553723-495d-4709-88ba-40042c564d98","2018-09-08 12:40:23 UTC","Explorers"
"3160468","3ae17bb1-d07f-4fcc-9472-33ae78e2f470","2018-09-06 20:23:38 UTC","Vitalisers"
"3160901","2c5d4f40-da84-446a-a844-dd87e6ac68ea","2018-09-12 12:32:51 UTC","Explorers"
"3166444","cc524212-41fd-4b43-aa0e-95a98148a4e8","2018-09-12 21:07:13 UTC","Fixers"
"3167786","62449cd5-916b-46a6-9710-441b68d2199f","2018-09-07 15:42:47 UTC","Advancers"
"3169536","3f641cdb-76ef-4d0c-b406-31e69ae5e45e","2018-09-19 00:08:16 UTC","Flourishers"
"3171864","2553cea6-a651-48e3-9c29-c91c68bd062d","2018-09-11 15:59:11 UTC","Vitalisers"
"3175133","6a8a964b-7c72-42ae-b87c-088278c21442","2018-09-16 19:34:44 UTC","Explorers"
"3176454","bbfbe930-6ed9-4849-9bd6-13c3410a23a9","2018-09-08 21:05:16 UTC","Explorers"
"3178023","0cdd32d5-e207-469a-a049-700329cd1519","2018-09-09 05:46:46 UTC","Other"
"3179124","c637fc36-d850-428e-85cd-927eb15a42b4","2018-09-10 15:01:50 UTC","Other"
"3181016","fe595f1e-5892-457a-bbbb-5097f53046c9","2018-09-10 08:15:29 UTC","Advancers"
"3184339","b386981a-ce7c-461e-81c7-446d931e80a3","2018-09-09 23:55:57 UTC","Explorers"
"3186521","abd389ad-faf0-4035-8143-a194c4dc71d8","2018-09-10 08:08:56 UTC","Vitalisers"
"3187407","971587b3-4878-4d61-91b6-35a06b4b1e60","2018-09-10 09:29:26 UTC","Other"
"3192605","d0e98764-8fa1-40cd-8b6f-72ab3fac1987","2018-09-10 15:53:10 UTC","Vitalisers"
"3196985","ffa0781f-7a10-48a2-aa7c-122062213976","2018-09-10 20:01:59 UTC","Hobbyists"
"3200045","02e3a96a-304e-4a41-b8ce-32b11b1e769b","2018-09-11 03:10:32 UTC","Vitalisers"
"3200796","1e905900-c1ba-473d-8701-81e5419ccb0e","2018-09-11 05:27:20 UTC","Vitalisers"
"3201449","4ae7e9ee-8f2e-41ea-9af3-019e8f120244","2018-09-29 15:41:33 UTC","Advancers"
"3213754","998d5102-ce52-4e1f-9f7b-e7f7d66cddf5","2018-09-12 09:44:59 UTC","Hobbyists"
"3220271","cc7ce19a-f164-4117-909b-bf51c56a79b2","2018-09-12 22:49:24 UTC","Fixers"
"3221905","7e0df04b-5322-4748-9f30-e71049cb8ee8","2018-09-18 03:14:23 UTC","Flourishers"
"3224332","cdd0f36e-8897-4a9e-91a9-bddd1c41fe15","2018-09-13 11:52:03 UTC","Explorers"
"3224702","6537cd03-4a73-475d-ab32-0ae58ad6b0b0","2018-09-13 13:06:10 UTC","Other"
"3227440","fcf7c81c-a19d-4cdd-b73c-09f10ec9e3f5","2018-09-13 17:00:48 UTC","Other"
"3233317","54239405-6c9f-4a69-a6a0-ee76de05b643","2018-09-14 06:54:48 UTC","Advancers"
"3234594","dc034297-d1f9-4c38-b502-843cec988359","2018-09-14 08:48:54 UTC","Vitalisers"
"3235237","6b09be00-51b8-4f10-a47e-7655d15f5871","2018-09-14 09:24:18 UTC","Advancers"
"3238076","42eacb5b-acae-4bb7-b1fd-897c3cbb18e3","2018-09-15 16:45:05 UTC","Vitalisers"
"3239346","a80ce5d3-1983-4681-aed5-002fb974c265","2018-09-19 16:51:50 UTC","Vitalisers"
"3240614","ce7a6494-a355-40ef-8066-a53934ebed74","2018-09-14 18:21:27 UTC","Vitalisers"
"3243410","cf5493cd-49f2-494e-9aea-6bc0b8f267fb","2018-09-15 09:38:42 UTC","Explorers"
"3244154","234e8894-00f0-4898-8f4b-7273b2a97fd6","2018-09-15 09:25:32 UTC","Vitalisers"
"3245161","1886c3a6-ec35-4d6b-b0f2-88f244a25cf1","2018-09-15 13:11:11 UTC","Fixers"
"3246283","6728f564-7fe6-487b-a8b0-6da3b19f2e93","2018-09-15 15:52:01 UTC","Explorers"
"3247740","28a047a2-c9ad-45ff-a654-66d4cd7160ca","2018-09-15 20:33:14 UTC","Vitalisers"
"3248272","a6561eae-b898-4822-933a-8d5c8562e5a6","2018-10-06 02:43:02 UTC","Advancers"
"3249966","eccf7f6e-5364-47b3-ada7-aaffe578d636","2018-09-16 08:44:25 UTC","Advancers"
"3251271","2371d4e5-e7f0-4d84-adeb-028a4771205e","2018-09-16 12:56:50 UTC","Explorers"
"3251359","1d61d8bf-4db4-4637-9e28-138816a4dbe7","2018-09-16 13:15:10 UTC","Vitalisers"
"3252959","031eeceb-858f-4282-a168-927e6376a9cf","2018-09-16 22:10:14 UTC","Explorers"
"3256460","a68db5aa-68a8-4d7f-920b-b8e8290aae0c","2018-09-17 06:19:27 UTC","Explorers"
"3273148","f3c1268f-0510-49e1-aa24-c6103835ba93","2018-09-18 09:33:23 UTC","Explorers"
"3273610","96271af2-271b-484d-8732-86078201a258","2018-09-22 09:32:47 UTC","Explorers"
"3276630","ab218dbf-7faa-4e7f-88d1-0ef624ecdbcd","2018-09-21 08:52:19 UTC","Vitalisers"
"3277398","197696ce-2d42-489e-850d-8519b54eb587","2018-10-14 12:57:23 UTC","Hobbyists"
"3279041","ca539d03-63a2-442b-9bd0-4aec103832bd","2018-09-18 19:13:07 UTC","Fixers"
"3283662","f35cb7e7-a74e-4796-b590-6d332973bd34","2018-09-19 15:12:36 UTC","Preparers"
"3285027","9f72336b-18f5-475c-854e-38d082df7a9d","2018-10-01 21:47:08 UTC","Vitalisers"
"3287446","7bbd9e4e-2632-40ba-8cc8-1951aed21df7","2018-09-19 14:28:10 UTC","Vitalisers"
"3289444","f562b550-573a-4985-98cd-28911f1c25fb","2018-09-24 21:07:12 UTC","Other"
"3302070","a3f1f060-5d81-49b0-aab4-29bc1ee9a018","2018-09-21 06:51:28 UTC","Vitalisers"
"3302305","879dff15-7c90-483b-a6b1-6d93756bec25","2018-10-14 22:39:35 UTC","Preparers"
"3302619","18d5cf0a-b84e-46d1-850c-3eb9043b305e","2018-09-21 17:40:07 UTC","Fixers"
"3308227","d7ad52d8-9be5-4991-93dc-2fdb885834ad","2018-09-26 14:56:45 UTC","Explorers"
"3311367","dd3c87ad-a97a-498e-8be4-58cb56fcdfa2","2018-09-22 12:20:20 UTC","Explorers"
"3311584","221a7690-6715-405b-934b-c0d505707543","2018-09-22 13:00:25 UTC","Preparers"
"3312097","e6e6fe7e-f6d8-4ec3-aa37-8ac808b324ca","2018-09-22 17:28:02 UTC","Vitalisers"
"3313546","6ae85d64-56cc-426e-96c7-fa2b9169e7d9","2018-09-22 19:59:02 UTC","Advancers"
"3313565","01604325-01a1-4768-9d19-d98412a667e1","2018-09-22 19:17:41 UTC","Preparers"
"3317271","36360daa-dbfc-479a-b038-ab0d7e2fa245","2018-09-23 11:58:43 UTC","Vitalisers"
"3326559","f6a44b29-472d-4c32-af15-a5dc0ab2ecdc","2018-09-26 16:53:21 UTC","Explorers"
"3331873","578d6c69-89c9-4785-83d7-7562cc098546","2018-09-24 22:30:26 UTC","Vitalisers"
"3340224","e50f3405-fc26-4b28-a1ab-e420dfbeab5b","2018-09-26 09:12:25 UTC","Vitalisers"
"3345697","44a4a0c0-b356-4e26-bd1f-2f69874a3f82","2018-09-26 08:58:05 UTC","Explorers"
"3346005","054639ed-dc23-4202-a036-65acd95c53b6","2018-09-26 12:32:56 UTC","Vitalisers"
"3346150","fccc37d3-3104-4495-908f-6ed7061ef0d4","2018-09-28 11:15:19 UTC","Advancers"
"3347450","e20e0dc0-7cf7-4e77-a5b9-b92badcb0fa1","2018-09-26 12:12:12 UTC","Flourishers"
"3348812","e2615a59-b1ea-4413-b312-faf57b646aa5","2018-10-12 15:33:56 UTC","Flourishers"
"3350432","4824d65a-17cc-4f61-9ee7-951941badee6","2018-09-26 17:49:40 UTC","Vitalisers"
"3355529","0d05bcfe-01ec-4e7a-ac24-732ee49ce87c","2018-09-27 11:14:24 UTC","Explorers"
"3370269","e153bb35-f230-49e5-923a-391955142408","2018-09-30 22:36:30 UTC","Explorers"
"3373974","a4d27ac3-ebdf-42c6-b1f2-50731d71f1e6","2018-09-29 21:33:23 UTC","Vitalisers"
"3401538","29271029-2bec-4122-93ce-6875626da768","2018-10-02 12:13:55 UTC","Flourishers"
"3414728","62f87ba8-d47d-4db5-8e9a-03b539e8b9e1","2018-10-03 17:48:21 UTC","Explorers"
"3416203","2b0f30f0-2930-48b8-be25-0813ebe40ce0","2018-10-08 13:49:12 UTC","Other"
"3436579","053ec051-c85c-4293-a5b3-1a435e6ac60c","2018-10-07 00:46:19 UTC","Vitalisers"
"3449756","1a2def81-51dc-411d-8927-da02782010ec","2018-10-08 08:42:23 UTC","Explorers"
"3457203","2781f5b9-55ef-4f03-b31a-abbbe467f038","2018-10-08 14:30:47 UTC","Hobbyists"
"3476954","bfd361e5-8864-4d48-96c9-d1583ca987dc","2018-10-09 17:44:11 UTC","Advancers"
"3485195","127f2fb2-a89e-42b1-be36-70633454a4da","2018-10-11 03:04:13 UTC","Explorers"
"3486549","d26b1d5a-4e9b-45f8-9057-eb5f95d85f16","2018-10-10 13:51:19 UTC","Fixers"
"3488304","06c688d1-694f-447b-b3aa-667fb39ad200","2018-10-12 16:03:30 UTC","Fixers"
"3506199","83c95a65-6882-4f83-90c7-343aa263bacc","2018-10-16 07:45:18 UTC","Preparers"
"3510677","785d8ab0-4e53-41c7-9217-3cd1841a4c08","2018-10-12 22:50:14 UTC","Fixers"
"3513378","427bfc15-9a91-4910-a841-f3fa3a7a9699","2018-10-13 11:05:54 UTC","Explorers"
"3514473","7d0f805b-0dc8-451a-88ca-a198c335dfeb","2018-10-13 14:57:01 UTC","Advancers"
"3516302","c0df3f4d-e0ac-41b7-b63a-5ae6be33030a","2018-10-14 11:45:15 UTC","Vitalisers"
"3534681","2ae8478d-a961-42f0-9e7a-04e72488dbba","2018-10-15 19:19:33 UTC","Explorers"
"3542377","c8b33d46-ab5f-495e-a50e-1caf1db1211b","2018-10-17 16:20:22 UTC","Fixers"
"3545572","be78907b-ae6d-45f0-be81-a04f266b0183","2018-10-16 18:36:03 UTC","Advancers"
"3573348","cce6e8cd-7321-4ac7-9be3-8fc19ccdc6aa","2018-10-18 19:30:18 UTC","Fixers"
"3591659","6d429b07-e0fe-49d1-965d-2a4768ce89e1","2018-10-21 15:19:09 UTC","Fixers"
"3602135","bd92d23f-93ac-43ce-8414-2b76561d57a6","2018-10-23 17:40:46 UTC","Other"
"3602255","89512ba0-7796-4c5d-9cb7-439ddb43d3ef","2018-10-21 17:29:24 UTC","Advancers"
"3607176","b7c5e901-a246-4a41-8048-49b2f5f251f9","2018-10-24 00:30:15 UTC","Vitalisers"
"3620247","8f042a87-7024-490b-99b6-dc878f27a053","2018-10-22 19:12:49 UTC","Advancers"
"3651606","84ea0130-f62a-4202-9416-701acf688900","2018-10-25 00:36:40 UTC","Fixers"
"3669923","890a1155-ecb0-4e0c-b634-c7c048d57bd1","2018-10-26 21:32:30 UTC","Advancers"
"3674733","eec98853-e520-4d80-8c86-d68be02b98af","2018-10-27 15:22:13 UTC","Fixers"
"3687592","5a4186b8-77c3-4093-9511-ceef58fe4ff0","2018-10-29 09:04:51 UTC","Vitalisers"
"3703495","d52616e9-72c4-412f-b14f-7b1a6c486d28","2018-10-30 15:22:20 UTC","Explorers"
